1.231159,0.526322,-0.077330,0.011504,0.011997,0.349063,-0.383091,0.262774,-0.641108,-0.145495,1950.532918,1777.918734,
-0.782309,1.057944,-0.614156,-0.682616,-0.568788,-0.214846,-1.614111,-0.209665,-0.641108,-0.644419,1739.438639,1577.798241,
0.655883,-1.296383,1.328644,1.325373,1.437560,-0.214846,1.427234,-0.682104,1.955583,1.353300,2122.433065,2045.135636,
-1.069947,1.057944,-1.892314,-1.922115,-1.888753,-0.214846,0.485865,-0.007191,-0.641108,-1.669196,1256.243286,1314.406088,
-0.063213,0.070646,0.817381,0.705623,0.566383,-0.214846,-0.093439,-0.547122,-0.641108,0.776116,1987.773041,2104.544621,
-0.207032,-0.764761,1.405334,1.275793,1.331962,-0.214846,-0.672742,1.173906,1.098675,1.443048,1877.376678,1914.142505,
0.799702,-2.435574,2.197792,2.193022,2.361535,-0.214846,1.065169,-0.952070,2.578789,2.418884,2150.111043,2034.891341,
0.080606,0.450376,-0.332961,-0.409926,-0.542388,-0.214846,-0.238265,0.836450,-0.641108,-0.388133,1644.760640,1793.859548,
1.087340,0.906052,-1.943440,-1.822955,-1.915152,1.829324,0.630691,0.296519,-0.641108,-1.705408,1408.880005,1262.537721,
-0.782309,0.754160,0.254991,0.160243,0.302389,-0.214846,-0.745155,0.532739,-0.641108,0.183675,1756.357798,1791.550834,
-0.926128,1.057944,-1.023166,-1.079256,-0.991176,-0.214846,-1.614111,0.633976,-0.641108,-0.997347,1563.841563,1473.214979,
-1.357585,0.602268,0.331681,0.457723,0.434386,-0.214846,-0.600329,0.195283,-0.641108,0.261843,2079.169210,1895.149264,
-0.638489,0.830106,-0.358524,-0.434716,-0.489590,-0.214846,-0.527916,0.802704,0.427245,-0.411891,1619.839966,1782.153732,
1.231159,0.602268,-1.304361,-1.302366,-1.255170,-0.214846,-0.383091,-0.175920,-0.641108,-1.226336,1447.300049,1452.421873,
0.943521,0.602268,-0.077330,0.532093,-0.014402,-0.214846,-0.527916,0.802704,0.501436,-0.145495,1728.492798,1585.669104,
1.374978,-0.688815,0.536186,0.532093,0.645580,-0.214846,-0.600329,0.094046,-0.641108,0.474335,2181.749186,2017.403117,
1.231159,-0.385031,0.664002,0.879153,0.777577,-0.214846,-1.034807,-0.547122,-0.641108,0.610129,1984.754893,1912.740620,
1.662616,0.906052,-1.048730,-1.029676,-0.991176,0.208086,-0.383091,-0.547122,-0.641108,-1.018624,1533.699951,1629.726013,
1.518797,1.057944,-1.432177,-1.351946,-1.387166,1.758836,0.196213,1.916311,-0.641108,-1.326746,1539.676188,1545.739001,
1.087340,-1.372329,0.664002,0.606463,0.724778,-0.214846,-0.093439,-0.479631,-0.641108,0.610129,1949.441538,1667.686485,
-0.782309,0.374430,0.076049,-0.013286,0.117594,-0.214846,-0.745155,-0.040937,-0.641108,0.004499,1754.041026,1846.028744,
1.374978,0.450376,0.766255,0.879153,0.883174,-0.214846,-0.600329,-2.200659,-0.641108,0.720419,2294.813151,2275.097239,
0.655883,-1.600167,1.865470,1.796383,1.859948,-0.214846,0.341039,-0.412139,1.358344,1.998909,2079.800079,2076.813981,
-1.213766,0.906052,-0.716409,-0.732196,-0.647985,-0.214846,-1.107220,-0.108428,-0.641108,-0.734857,1516.497457,1478.992088,
0.368244,0.374430,-1.202109,-0.856146,-1.149572,-0.214846,0.992756,-0.614613,-0.329505,-1.144354,1624.052124,1596.632853,
1.518797,0.526322,0.203865,0.209823,0.302389,-0.214846,-0.745155,0.465248,-0.641108,0.132022,2115.073039,1987.144463,
1.518797,0.906052,-0.154019,-0.112446,-0.067201,-0.214846,-0.455503,0.161537,-0.641108,-0.219251,2056.605031,1848.785686,
0.799702,-3.498819,0.740691,0.804783,0.856775,-0.214846,-1.324459,1.173906,1.046741,0.692709,1722.520020,1723.087893,
1.231159,-0.688815,0.740691,0.779993,0.856775,-0.214846,-0.600329,-0.310902,-0.641108,0.692709,2093.688721,1950.072926,
0.799702,-0.081246,0.510623,0.532093,0.619181,-0.214846,1.789299,0.802704,1.046741,0.447451,1661.652008,1796.784053,
0.224425,-0.385031,0.101613,1.449323,0.196792,-0.214846,5.265122,-0.344648,0.916907,0.029820,1972.070821,1737.127100,
-0.782309,0.146592,0.024923,0.011504,0.117594,-0.214846,2.296190,-2.369387,-0.641108,-0.045866,1658.149139,1564.565711,
1.374978,0.678214,-0.588593,-0.633036,-0.542388,-0.214846,-0.238265,0.364011,-0.641108,-0.621580,1624.036540,1636.291906,
1.087340,-2.815304,0.178302,0.383353,0.275990,-0.214846,0.558278,0.465248,-0.641108,0.106334,1493.780029,1585.744557,
-0.494670,0.981998,-0.588593,-0.657826,-0.542388,-0.073868,0.703104,-1.222035,-0.641108,-0.621580,1640.883911,1575.965180,
-1.213766,0.602268,0.127176,0.110663,0.223192,-0.214846,-0.600329,-0.108428,-0.641108,0.055233,1805.923747,1845.994181,
0.655883,-3.802603,0.868507,0.879153,0.962372,-0.214846,1.137582,0.431502,1.669947,0.832180,1770.424316,1747.824249,
0.512064,0.678214,-0.281835,0.308983,-0.199197,0.278575,3.889275,0.532739,-0.641108,-0.340340,1669.884837,1670.732757,
1.231159,0.298484,0.459497,0.581673,0.566383,-0.214846,-1.034807,0.262774,-0.641108,0.393961,2027.721273,1999.951757,
-0.207032,-0.460977,0.561749,0.482513,0.355188,-0.214846,-0.889981,0.094046,-0.244522,0.501310,2021.609548,1944.723947,
-0.638489,1.057944,-1.202109,-1.252786,-1.175972,-0.214846,-1.324459,0.330265,0.579337,-1.144354,1508.650024,1569.066242,
1.374978,-0.157193,-0.000640,-0.038076,0.038396,-0.214846,-0.165852,-0.648359,-0.641108,-0.070911,1568.191528,1767.862951,
0.224425,-1.068545,1.379770,1.251003,1.120768,-0.214846,0.703104,0.094046,0.189833,1.413040,2159.534160,2149.247007,
-0.350851,0.754160,-0.128456,-0.211606,-0.199197,-0.214846,1.644473,0.600230,-0.641108,-0.194758,1937.674540,1733.393797,
0.368244,-0.536923,1.354207,1.226213,1.411160,-0.214846,-0.238265,0.094046,0.813039,1.383124,2038.988108,2078.592900,
-0.063213,-2.359628,2.300044,2.143442,2.097542,-0.214846,0.847930,-0.682104,1.903649,2.551232,2177.590658,2069.173677,
-1.357585,0.070646,0.254991,0.333773,0.328789,-0.214846,-0.745155,-0.378394,-0.641108,0.183675,1845.455658,1872.341114,
0.080606,-0.081246,0.203865,0.135453,0.170393,-0.214846,0.196213,0.431502,-0.017902,0.132022,1811.290192,1906.505462,
-0.782309,0.450376,-0.179582,-0.261186,-0.119999,-0.214846,0.268626,-0.243411,-0.641108,-0.243653,1776.843140,1812.777390,
0.943521,0.146592,-0.256272,0.259403,-0.251996,0.137597,0.992756,-0.884578,-0.641108,-0.316306,1487.768921,1692.562196,
-0.494670,0.070646,-0.205145,-0.261186,-0.304795,-0.214846,1.354821,-1.019561,2.137351,-0.267963,1755.903768,1785.414615,
0.512064,-0.764761,0.766255,0.804783,0.883174,-0.214846,-0.238265,0.667722,0.501436,0.720419,1989.922923,1962.757710,
-0.063213,-2.055844,0.536186,0.432933,0.460785,-0.214846,1.572060,0.127791,2.085417,0.474335,1685.989990,1759.926022,
0.512064,0.906052,-1.713372,-1.699006,-1.730357,0.278575,0.920343,-0.243411,-0.641108,-1.539560,1153.584106,1345.528386,
-0.207032,-0.536923,0.689565,0.656043,0.407987,-0.214846,-0.745155,0.195283,0.488453,0.637564,2210.186869,2025.238616,
0.799702,0.678214,-1.713372,-1.649426,-1.677558,0.701506,1.209995,0.229028,-0.641108,-1.539560,1600.839966,1377.270451,
-0.207032,-0.005300,0.331681,0.259403,0.302389,-0.214846,0.485865,1.680091,-0.499470,0.261843,1962.495911,1895.615498,
0.368244,0.526322,-0.384087,-0.459506,-0.515989,-0.214846,0.992756,0.566485,-0.641108,-0.435557,1729.726695,1682.195512,
0.512064,-1.752060,1.175265,1.077473,1.173567,-0.214846,0.920343,-1.323272,2.137351,1.176284,1870.008057,1882.009140,
-0.063213,-0.460977,0.459497,0.482513,0.539983,-0.214846,3.165146,0.364011,0.200220,0.393961,1780.880005,1808.790227,
0.368244,0.678214,-0.869787,-0.905726,-0.964777,0.490040,-0.962394,0.060300,-0.641108,-0.867756,1636.670044,1610.708300,
0.799702,-0.081246,0.536186,0.432933,0.566383,-0.214846,0.123800,-0.209665,0.813039,0.474335,1840.989187,1821.613582,
1.662616,0.830106,-0.588593,-0.657826,-0.568788,-0.214846,-1.252046,-1.593237,-0.641108,-0.621580,1621.275167,1578.776561,
0.512064,-3.346927,2.632365,2.540082,2.757525,-0.214846,0.051387,-1.323272,1.903649,2.991519,2171.723938,2114.052272,
0.655883,-0.233139,-0.946477,-0.955306,-1.070374,-0.214846,0.051387,0.836450,-0.641108,-0.932965,1442.119995,1389.198162,
-1.069947,0.906052,-0.511903,-0.509086,-0.436791,-0.214846,-1.396872,-0.783341,-0.641108,-0.552511,1614.372009,1602.714409,
-1.645223,1.057944,-0.307398,-0.385136,-0.251996,-0.214846,-0.817568,-0.884578,-0.641108,-0.364283,1640.680715,1667.422008,
0.224425,-2.511520,2.351170,2.242602,2.440733,-0.214846,1.861712,-0.412139,1.903649,2.617958,2210.587219,2213.282278,
0.368244,-1.676114,2.018849,1.969912,2.150341,-0.214846,-0.238265,-0.040937,1.332377,2.190814,2101.248596,2144.092699,
1.518797,0.602268,-1.278798,-1.302366,-1.281569,-0.214846,3.165146,-1.863202,-0.641108,-1.205979,1458.969971,1499.092132,
-0.494670,0.450376,0.024923,-0.062866,-0.014402,-0.214846,0.775517,-0.074683,0.480663,-0.045866,2098.193726,1904.739895,
-1.501404,1.057944,-0.767535,-0.831356,-0.727183,-0.214846,-0.672742,0.296519,-0.641108,-0.779524,1406.130005,1461.875829,
1.662616,0.906052,-1.815624,-1.847745,-1.783156,-0.144357,-0.527916,-0.108428,-0.641108,-1.614189,1236.619995,1248.350537,
1.087340,0.678214,-0.537466,-0.608246,-0.515989,-0.214846,0.268626,-0.580868,-0.641108,-0.575626,1420.969971,1520.088379,
0.224425,0.298484,-1.278798,-1.327156,-1.387166,-0.214846,0.775517,0.836450,-0.641108,-1.205979,1478.044434,1503.873964,
-1.501404,-0.460977,0.357244,0.358563,0.460785,-0.214846,-0.600329,0.127791,-0.641108,0.288083,1967.628977,1920.045937,
0.799702,-0.764761,0.280555,0.333773,0.381587,-0.214846,0.775517,0.026554,0.579337,0.209639,1605.449951,1643.173190,
-0.494670,0.602268,-0.332961,-0.409926,-0.463190,-0.214846,-0.021026,-0.040937,0.123736,-0.388133,1753.921987,1835.106771,
0.943521,-2.283682,1.916597,2.118652,2.071143,-0.214846,-0.021026,-1.458254,2.526855,2.062510,1743.269226,1776.228421,
-1.645223,0.981998,-0.511903,-0.583456,-0.436791,-0.214846,-0.021026,-0.243411,-0.641108,-0.552511,1627.150024,1639.695842,
-1.069947,0.754160,-0.205145,-0.137236,-0.119999,-0.214846,-0.527916,-0.445885,-0.641108,-0.267963,1690.435008,1738.287105,
-1.213766,-0.233139,-0.102893,-0.137236,-0.067201,-0.214846,-0.021026,1.578854,-0.641108,-0.170172,1634.680064,1851.636816,
1.374978,0.754160,-0.051766,-0.112446,0.038396,-0.214846,-1.179633,0.094046,-0.641108,-0.120726,1958.353099,1899.666761,
0.224425,-1.903952,1.021886,0.903943,0.988771,-0.214846,-0.238265,-0.648359,2.059450,1.002578,1697.459961,1678.263071,
-0.063213,0.146592,-0.563030,-0.633036,-0.832781,-0.214846,0.703104,1.410126,-0.641108,-0.598649,1585.039235,1631.295156,
-0.638489,0.754160,-0.716409,-0.682616,-0.700784,0.137597,0.775517,2.152530,-0.641108,-0.734857,1704.125600,1662.892006,
1.662616,-0.157193,-0.793098,-0.707406,-0.753583,-0.214846,0.558278,1.410126,-0.641108,-0.801720,1669.327382,1578.589829,
1.662616,0.374430,-0.077330,-0.162026,-0.199197,-0.214846,-1.614111,0.600230,-0.641108,-0.145495,2002.608988,1905.267730,
-0.926128,0.830106,-0.767535,-0.756986,-0.700784,-0.214846,-1.541698,-0.142174,-0.641108,-0.779524,1615.397095,1514.819975,
-1.069947,1.057944,-0.384087,-0.459506,-0.331194,-0.214846,-1.252046,-0.074683,-0.641108,-0.435557,1693.768331,1623.672016,
-1.213766,0.754160,-0.026203,-0.062866,0.064796,-0.214846,-1.614111,-0.108428,-0.641108,-0.095864,1875.891093,1850.066984,
-0.782309,0.981998,-0.460777,-0.533876,-0.436791,-0.214846,-0.817568,0.060300,-0.641108,-0.506005,1629.055542,1633.379363,
0.655883,0.830106,-0.460777,-0.533876,-0.463190,0.490040,-0.962394,-1.694474,-0.641108,-0.506005,1694.780029,1655.829737,
-0.494670,-0.309085,0.740691,0.631253,0.381587,-0.214846,-0.093439,0.026554,1.669947,0.692709,1986.105387,2085.572847,
-0.063213,-0.536923,0.408370,0.383353,0.249591,-0.214846,-0.310678,0.364011,-0.641108,0.340838,1806.608276,1935.739747,
1.087340,-0.157193,-0.154019,-0.062866,-0.067201,-0.214846,-0.021026,0.296519,-0.641108,-0.219251,1440.239990,1661.366723,
-0.063213,-1.903952,1.942160,1.845962,1.807150,-0.214846,-0.238265,-0.445885,2.526855,2.094448,1845.646800,2058.875615,
0.512064,-1.524221,1.660965,1.845962,1.780751,-0.214846,1.137582,1.308889,2.381440,1.748184,1932.527781,2099.754793,
0.080606,-2.359628,2.274481,2.143442,2.203139,-0.214846,0.630691,-0.344648,1.669947,2.518007,2148.899618,2107.738012,
1.662616,-0.309085,0.357244,0.308983,0.434386,-0.214846,0.703104,-0.074683,-0.641108,0.288083,1995.521230,2041.774676,
-1.357585,0.754160,-0.690845,-0.682616,-0.621586,-0.214846,-0.093439,-1.829457,-0.641108,-0.712385,1484.965739,1403.085213,
1.231159,-0.157193,0.178302,0.308983,0.275990,-0.214846,-0.527916,-0.412139,-0.641108,0.106334,2213.409180,1833.693738,
1.087340,-0.764761,1.098576,1.424533,1.226365,-0.214846,-1.107220,-1.660728,-0.641108,1.089017,1534.189575,1841.107537,
1.374978,0.298484,-0.384087,-0.385136,-0.304795,-0.214846,-0.527916,0.667722,-0.641108,-0.435557,1428.589966,1663.994654,
0.080606,-0.536923,0.510623,0.408143,0.487185,-0.214846,0.920343,-0.007191,-0.433372,0.447451,1913.640818,1897.997096,
-0.207032,-0.916653,0.996323,0.879153,0.724778,-0.214846,0.775517,0.330265,1.880043,0.973948,1968.867574,2128.433960,
-0.782309,1.057944,-0.486340,-0.533876,-0.410392,-0.214846,-1.179633,0.127791,-0.641108,-0.529304,1771.944183,1621.970590,
-0.782309,0.830106,-1.841187,-1.872535,-1.835954,-0.214846,-0.455503,2.051293,-0.641108,-1.632617,1692.689941,1600.681418,
0.512064,-0.005300,0.306118,0.532093,0.381587,-0.214846,0.630691,-0.412139,-0.244522,0.235695,1878.669739,1814.627548,
0.080606,-1.828006,1.967723,1.821173,1.701553,-0.214846,-0.455503,0.094046,1.358344,2.126478,2158.754110,2173.973966,
-0.494670,0.450376,-0.026203,-0.112446,-0.225597,-0.144357,0.703104,-0.985815,-0.641108,-0.095864,1731.359090,1791.698493,
-0.926128,0.981998,-0.511903,-0.533876,-0.436791,-0.214846,-1.034807,-0.142174,-0.641108,-0.552511,1529.609985,1591.019636,
-1.357585,0.906052,-0.128456,-0.211606,-0.146399,-0.214846,-0.889981,0.229028,-0.641108,-0.194758,1778.490773,1772.842864,
-0.350851,0.602268,0.306118,0.209823,0.249591,-0.214846,0.847930,-0.209665,-0.641108,0.235695,2091.098897,1988.460599,
1.662616,0.222538,-0.205145,-0.236396,-0.119999,-0.214846,-0.455503,0.060300,-0.641108,-0.267963,1957.765198,1850.456528,
-1.357585,0.906052,-0.051766,-0.062866,0.038396,-0.214846,-0.962394,0.262774,-0.641108,-0.120726,1899.936910,1832.591450,
1.518797,0.906052,-0.639719,-0.682616,-0.568788,-0.214846,-0.455503,-1.660728,-0.641108,-0.667166,1680.325785,1550.551772,
1.374978,-0.157193,0.152739,0.234613,0.249591,-0.214846,-1.252046,-0.648359,-0.641108,0.080737,1724.397237,1824.160628,
0.655883,-1.296383,1.251955,1.523693,1.279164,-0.214846,0.051387,1.376380,2.381440,1.264378,1828.090556,1834.408018,
-0.638489,0.981998,-1.738935,-1.748586,-1.703958,0.067109,0.123800,0.330265,-0.641108,-1.558355,1384.645142,1361.444676,
-0.207032,-0.916653,0.996323,0.903943,0.883174,-0.214846,-0.672742,0.364011,0.189833,0.973948,2151.553589,2054.268404,
-1.357585,0.981998,-1.636682,-1.624636,-1.624760,-0.214846,-1.396872,-0.277157,-0.641108,-1.482623,1462.829956,1433.336901,
-0.926128,0.450376,-0.281835,-0.360346,-0.251996,-0.214846,-0.672742,-0.074683,-0.641108,-0.340340,1728.297770,1762.551052,
1.662616,0.906052,-0.026203,-0.087656,0.064796,-0.214846,-1.614111,0.498993,-0.641108,-0.095864,2026.879639,1972.508819,
-1.213766,0.450376,-1.125419,-1.128836,-1.070374,-0.214846,0.196213,0.937687,-0.641108,-1.081902,1356.685303,1450.901125,
0.080606,-3.119088,0.842944,0.755203,0.487185,-0.214846,-0.962394,1.882565,1.046741,0.804102,1621.420044,1683.613841,
-1.069947,0.981998,-0.205145,-0.261186,-0.119999,-0.144357,-1.179633,0.262774,-0.641108,-0.267963,1694.330607,1741.410263,
-0.494670,0.754160,0.024923,-0.062866,-0.172798,-0.144357,-0.745155,1.005178,-0.641108,-0.045866,1792.566559,1826.623906,
0.368244,-1.828006,1.456460,1.474113,1.358362,-0.214846,0.341039,-0.884578,1.046741,1.503340,1871.376221,1921.144582,
1.518797,-0.005300,0.382807,0.333773,0.487185,-0.214846,1.572060,-1.761965,-0.641108,0.314414,1969.108643,1816.222340,
1.231159,1.057944,-0.869787,-0.930516,-0.832781,-0.214846,-0.455503,1.916311,-0.641108,-0.867756,1424.080841,1568.793536,
-1.501404,-1.296383,-0.895351,-0.930516,-0.859180,-0.214846,0.413452,0.498993,-0.641108,-0.889584,1625.239990,1642.966812,
-0.350851,0.146592,0.101613,0.061083,-0.225597,-0.214846,0.051387,-0.007191,0.123736,0.029820,1837.203237,1913.672014,
1.087340,-0.385031,0.408370,0.358563,0.434386,-0.214846,0.558278,-0.412139,-0.641108,0.340838,2052.706645,1883.779426,
1.231159,0.070646,-1.099856,-0.955306,-1.043975,-0.214846,0.558278,1.140161,-0.641108,-1.060901,1385.199951,1379.153918,
1.518797,0.602268,0.203865,0.507303,0.302389,-0.214846,-0.745155,-0.209665,-0.641108,0.132022,2075.428375,2090.397403,
1.087340,0.298484,-0.026203,0.209823,0.064796,-0.214846,0.703104,0.161537,-0.641108,-0.095864,1663.874969,1708.897875,
-1.645223,0.298484,0.306118,0.308983,0.407987,-0.214846,-0.527916,0.060300,-0.641108,0.235695,2008.187999,1975.418278,
0.943521,-1.144491,1.328644,1.498903,1.437560,-0.214846,0.703104,-0.344648,1.643980,1.353300,1857.164388,1868.010068,
0.943521,-0.992599,1.175265,1.325373,1.305563,-0.214846,-0.093439,-0.547122,1.955583,1.176284,1826.392497,1824.360489,
0.224425,-1.220437,1.609839,1.523693,1.622355,-0.214846,-0.238265,0.026554,0.839006,1.686421,2247.028239,2164.709734,
0.799702,0.374430,0.076049,0.036293,0.143994,-0.214846,0.413452,-1.154544,0.123736,0.004499,1609.287394,1713.964566,
-0.926128,1.057944,-0.154019,-0.186816,-0.067201,-0.214846,-1.469285,-1.660728,-0.641108,-0.219251,1822.159739,1755.448704,
-0.063213,-0.612869,0.791818,0.755203,0.513584,-0.214846,1.934125,-1.964439,0.059999,0.748221,1752.672485,1835.593357,
-0.638489,0.450376,0.280555,0.185033,0.038396,-0.214846,-0.021026,0.026554,1.669947,0.209639,1900.884776,1962.083559,
-0.782309,0.754160,0.152739,0.061083,0.223192,-0.214846,-0.527916,0.094046,-0.641108,0.080737,1842.584635,1843.655181,
-0.350851,0.830106,-1.559993,-1.599846,-1.783156,-0.144357,-0.527916,-0.547122,-0.641108,-1.424858,1586.560059,1547.902608,
-1.645223,0.450376,-0.716409,-0.682616,-0.647985,-0.214846,-0.600329,-0.142174,-0.641108,-0.734857,1619.932007,1652.830418,
-0.350851,-0.081246,0.664002,0.556883,0.566383,-0.214846,-1.107220,0.431502,0.813039,0.610129,2059.122233,2003.580538,
-1.069947,0.754160,-1.304361,-1.351946,-1.281569,-0.214846,0.051387,0.600230,-0.641108,-1.226336,1244.407715,1400.778097,
-0.638489,0.981998,-0.026203,-0.112446,-0.067201,-0.214846,-0.600329,0.026554,1.488178,-0.095864,1845.932363,1901.578788,
0.943521,0.526322,-1.048730,-1.054466,-0.991176,-0.214846,-1.107220,1.038924,-0.641108,-1.018624,1332.550049,1398.070333,
1.518797,0.754160,-0.588593,-0.633036,-0.515989,-0.214846,-0.527916,-0.277157,-0.641108,-0.621580,1605.075684,1576.775840,
0.943521,0.830106,-0.895351,-0.732196,-0.832781,0.137597,0.485865,0.735213,-0.641108,-0.889584,1555.988312,1579.915506,
0.799702,-0.385031,0.612876,0.656043,0.724778,-0.214846,1.572060,-0.513376,0.491994,0.555536,1849.724497,1859.481728,
0.655883,-1.220437,1.763218,2.044282,1.912747,-0.214846,-0.600329,0.735213,1.098675,1.872811,1771.130025,1804.404821,
-1.357585,0.754160,-0.256272,-0.310766,-0.199197,-0.214846,-0.238265,-1.626983,-0.641108,-0.316306,1469.582326,1490.341080,
0.080606,-0.612869,0.408370,0.333773,0.460785,-0.214846,0.196213,0.330265,-0.641108,0.340838,1860.807414,1889.051212,
0.655883,-2.359628,2.427860,2.416132,2.519931,-0.214846,0.558278,-2.166913,2.059450,2.718735,2102.573222,2091.323447,
-0.063213,0.754160,-0.614156,-0.682616,-0.674385,-0.214846,-0.527916,0.971433,-0.641108,-0.644419,1594.856557,1747.768979,
-0.350851,-1.676114,1.303081,1.176633,1.120768,-0.214846,1.427234,0.330265,2.578789,1.323567,2390.529175,2339.339945,
-0.782309,0.678214,0.024923,-0.062866,0.091195,-0.214846,-1.252046,-0.040937,-0.641108,-0.045866,1849.353882,1857.960942,
-0.207032,-0.460977,0.485060,0.581673,0.487185,-0.214846,2.296190,0.364011,0.200220,0.420660,1950.780029,1861.778377,
0.080606,-2.511520,1.865470,1.746803,1.807150,-0.214846,0.268626,-0.378394,1.936698,1.998909,1669.000000,1938.026492,
0.368244,-0.309085,0.229428,0.284193,0.275990,-0.214846,2.730668,-0.040937,0.200220,0.157803,1827.689941,1795.586997,
0.224425,-1.676114,1.737655,1.622853,1.648754,-0.214846,0.630691,0.060300,1.643980,1.841516,2134.090067,2100.149023,
0.655883,-1.903952,1.712091,1.622853,1.780751,-0.214846,1.209995,-1.761965,1.795060,1.810314,1778.599976,1854.212429,
-0.926128,1.057944,-1.278798,-1.302366,-1.228770,-0.214846,-1.107220,-0.277157,-0.641108,-1.205979,1458.810059,1525.961994,
-0.063213,-1.372329,1.533149,1.399743,1.199966,-0.214846,-1.107220,0.330265,1.540112,1.594467,1859.525004,2097.357752,
-0.494670,0.374430,-0.563030,-0.633036,-0.700784,-0.214846,-0.962394,0.465248,-0.017902,-0.598649,1796.891673,1733.365190,
1.087340,-0.536923,0.817381,0.854363,0.935973,-0.214846,-0.093439,0.094046,-0.641108,0.776116,1957.907562,2024.239018,
1.087340,-1.600167,0.331681,0.581673,0.434386,-0.214846,0.558278,-0.277157,-0.641108,0.261843,1489.496338,1644.750521,
0.224425,-1.296383,1.073013,1.027893,0.935973,-0.214846,0.268626,0.971433,0.501436,1.060112,2025.534760,1933.315008,
-1.501404,0.981998,-1.636682,-1.599846,-1.598360,0.631018,-0.383091,0.127791,-0.641108,-1.482623,1352.630005,1360.773482,
-1.357585,0.754160,-0.665282,-0.657826,-0.595187,-0.214846,-0.383091,-0.310902,-0.641108,-0.689822,1594.859924,1578.930778,
0.512064,-2.055844,2.018849,1.870752,1.965546,-0.214846,1.137582,-0.817087,1.150609,2.190814,2099.935923,2063.616256,
-1.501404,0.298484,0.024923,0.110663,0.117594,-0.214846,-0.455503,-0.209665,-0.641108,-0.045866,1614.373515,1853.637220,
-1.213766,1.057944,-0.384087,-0.409926,-0.304795,-0.214846,-0.889981,-0.142174,-0.641108,-0.435557,1710.482045,1630.689564,
-1.069947,0.298484,-1.662245,-1.699006,-1.624760,-0.214846,5.409948,-1.930694,-0.641108,-1.501694,1283.400024,1355.455199,
-0.063213,-0.992599,1.251955,1.127053,1.094369,-0.214846,-0.455503,0.465248,0.813039,1.264378,1956.027273,2137.817859,
-0.926128,0.678214,-0.179582,-0.236396,-0.093600,-0.214846,-0.817568,-1.626983,-0.641108,-0.243653,1547.489990,1609.699923,
0.943521,0.981998,-1.278798,-1.302366,-1.228770,1.476881,-0.527916,-0.209665,-0.641108,-1.205979,1388.040894,1485.061235,
0.224425,-0.385031,0.306118,0.259403,0.407987,-0.214846,-0.455503,-2.538115,-0.641108,0.235695,1762.591777,1639.535105,
0.080606,0.374430,-0.102893,-0.162026,-0.146399,-0.214846,-0.238265,-1.694474,-0.641108,-0.170172,1557.854248,1716.111689,
0.799702,-1.372329,-0.154019,-0.137236,-0.119999,-0.214846,1.137582,0.600230,0.885746,-0.219251,1610.549072,1574.336506,
-1.213766,1.057944,-0.793098,-0.831356,-0.727183,-0.073868,-0.745155,-0.175920,-0.641108,-0.801720,1342.989990,1466.593396,
0.512064,-0.840707,0.382807,0.284193,0.381587,-0.214846,0.051387,0.161537,0.579337,0.314414,1613.839966,1665.099417,
-0.926128,1.057944,-0.639719,-0.707406,-0.595187,-0.214846,-0.817568,-0.310902,-0.641108,-0.667166,1668.548381,1509.913274,
-0.926128,1.057944,-0.460777,-0.509086,-0.383992,-0.214846,-0.817568,0.094046,-0.641108,-0.506005,1555.518341,1603.228704,
-1.501404,-0.840707,0.638439,0.804783,0.751178,-0.214846,0.413452,-0.040937,-0.641108,0.582786,2134.744181,2172.847027,
-0.063213,-0.916653,0.101613,0.011504,-0.225597,-0.214846,1.934125,0.971433,0.885746,0.029820,1686.369995,1672.345097,
0.368244,-0.233139,-0.690845,-0.558666,-0.621586,-0.214846,0.992756,1.106415,0.085966,-0.712385,1514.689941,1539.762873,
-0.494670,-0.005300,0.306118,0.209823,0.038396,-0.214846,-0.310678,1.983802,2.381440,0.235695,1821.959157,1827.175038,
-1.213766,-0.460977,-1.457740,-1.252786,-1.413565,-0.214846,-0.527916,1.477617,-0.641108,-1.346552,1527.270020,1566.775760,
-1.501404,0.298484,0.536186,0.507303,0.645580,-0.214846,-0.672742,-0.412139,-0.641108,0.474335,2188.186605,2079.392001,
-1.357585,0.602268,-0.179582,-0.236396,-0.119999,-0.214846,0.630691,0.094046,-0.641108,-0.243653,1512.982931,1654.641694,
-0.494670,0.146592,0.101613,0.061083,0.143994,-0.214846,0.630691,-0.884578,1.795060,0.029820,1665.024658,1924.434382,
-1.501404,0.906052,-0.332961,-0.385136,-0.278395,-0.214846,-1.324459,0.195283,-0.641108,-0.388133,1776.193949,1646.074723,
1.374978,0.754160,-0.128456,-0.162026,-0.040801,-0.003380,0.485865,1.410126,-0.641108,-0.194758,1669.804830,1683.729978,
0.943521,0.070646,0.306118,0.383353,0.407987,-0.214846,1.065169,-1.998185,1.401622,0.235695,1675.434520,1761.634795,
0.799702,-0.157193,1.328644,1.647643,1.463959,-0.214846,-0.093439,0.566485,1.098675,1.353300,1604.858561,1731.957044,
0.799702,-1.600167,0.791818,1.127053,0.909573,-0.214846,1.065169,-2.166913,2.078335,0.748221,1682.691712,1740.293219,
0.368244,-1.828006,1.098576,1.003103,1.147167,-0.214846,1.209995,-0.952070,2.059450,1.089017,1696.010010,1954.904942,
-1.501404,0.146592,0.587313,0.532093,0.671980,-0.214846,-0.021026,-1.222035,-0.641108,0.528377,2140.453776,2087.269721,
1.374978,0.906052,-0.486340,-0.509086,-0.410392,-0.214846,-1.396872,-0.479631,-0.641108,-0.529304,1424.853516,1517.707759,
0.655883,-1.752060,1.635402,1.498903,1.279164,-0.214846,-0.889981,-0.378394,1.643980,1.717256,2126.501139,1951.185880,
0.368244,-0.460977,0.638439,0.556883,0.724778,-0.214846,0.703104,-0.175920,-0.433372,0.582786,1999.500956,1867.352990,
-1.645223,0.906052,-1.866751,-1.847745,-1.835954,0.490040,-0.527916,-0.277157,-0.641108,-1.650953,1225.989990,1289.484693,
-0.350851,-0.309085,0.050486,-0.038076,-0.093600,-0.214846,1.644473,-0.952070,2.137351,-0.020729,1851.327494,1860.179213,
-1.213766,0.450376,0.024923,0.011504,0.117594,-0.214846,-1.396872,-1.660728,-0.641108,-0.045866,1517.599976,1795.296194,
1.518797,0.906052,-1.917877,-1.946905,-1.941551,0.208086,0.268626,0.262774,-0.641108,-1.687348,1385.199951,1147.943760,
1.374978,-0.081246,0.791818,0.903943,0.883174,-0.214846,-0.527916,-0.344648,-0.641108,0.748221,2091.345357,2196.061951,
1.231159,0.830106,-0.000640,0.036293,0.091195,0.912972,-1.614111,-1.626983,-0.641108,-0.070911,1546.736013,1686.623818,
-0.207032,0.981998,-1.841187,-1.872535,-1.888753,2.816165,-0.527916,-0.378394,-0.641108,-1.632617,1664.339966,1542.378657,
0.224425,-1.296383,1.251955,1.151843,1.173567,-0.214846,2.296190,-1.829457,1.401622,1.264378,2096.729228,2026.144017,
-1.357585,0.830106,0.050486,-0.038076,0.117594,-0.214846,-0.527916,-0.040937,-0.641108,-0.020729,1871.806763,1858.174532,
0.224425,-0.081246,-0.000640,-0.087656,0.011997,-0.214846,0.123800,1.916311,-0.499470,-0.070911,1742.603333,1752.903454,
0.655883,0.754160,-0.946477,-0.856146,-0.885579,0.137597,2.658255,-2.369387,-0.641108,-0.932965,1603.968994,1524.549690,
1.518797,0.222538,-0.179582,-0.087656,-0.093600,-0.214846,-1.034807,-0.513376,-0.641108,-0.243653,1688.670410,1729.485667,
0.512064,0.526322,-0.537466,0.061083,-0.463190,0.067109,1.861712,-1.255781,-0.641108,-0.575626,1595.150024,1650.853367,
0.943521,-0.460977,0.433934,0.457723,0.539983,-0.214846,0.775517,1.308889,0.231380,0.367353,1595.283274,1683.705330,
-1.213766,0.981998,-1.278798,-1.327156,-1.255170,-0.214846,-1.252046,-0.243411,-0.641108,-1.205979,1412.949951,1487.912103,
0.512064,-2.587466,0.331681,0.284193,0.196792,-0.214846,2.803081,-1.323272,1.669947,0.261843,1531.339966,1569.493031,
-1.501404,0.906052,-0.690845,-0.707406,-0.621586,-0.214846,-1.034807,0.195283,-0.641108,-0.712385,1571.016134,1475.972554,
-1.213766,-0.916653,-0.997603,-1.029676,-0.964777,-0.214846,0.558278,0.195283,-0.641108,-0.975978,1564.520020,1607.696452,
-0.638489,0.602268,-0.179582,-0.261186,-0.489590,-0.214846,-1.396872,-0.175920,0.916907,-0.243653,1825.854574,1723.885399,
0.799702,-1.372329,0.842944,0.879153,0.935973,-0.214846,0.775517,-0.412139,1.721881,0.804102,1713.776388,1748.536165,
0.224425,-1.372329,1.507586,1.374953,1.041570,-0.214846,-0.021026,1.781328,1.851715,1.563999,1940.036672,1754.697142,
0.080606,-1.220437,1.251955,1.127053,0.962372,-0.214846,1.209995,-0.412139,1.046741,1.264378,1740.150024,2107.900282,
-0.926128,-0.157193,-1.713372,-1.550266,-1.677558,-0.214846,-0.889981,1.578854,-0.641108,-1.539560,1601.849976,1643.191350,
-1.645223,0.678214,-0.026203,0.185033,0.038396,-0.214846,0.703104,-1.930694,-0.641108,-0.095864,1773.993337,1709.335646,
1.662616,0.754160,-1.329924,-1.351946,-1.307968,-0.214846,-0.310678,-0.142174,-0.641108,-1.246602,1630.359985,1511.072809,
1.374978,0.298484,0.510623,0.408143,0.539983,-0.214846,-0.672742,0.633976,-0.641108,0.447451,2112.983327,1979.663333,
-0.494670,-0.536923,0.817381,0.705623,0.302389,-0.214846,-0.817568,-1.357018,1.332377,0.776116,1759.980713,1917.829654,
1.231159,-1.220437,1.047449,1.077473,1.173567,-0.214846,-0.165852,-0.243411,-0.641108,1.031299,2046.912496,2093.246980,
0.368244,-4.258279,1.073013,1.052683,1.067969,-0.214846,0.051387,1.477617,1.046741,1.060112,1774.949951,1788.955164,
0.943521,0.374430,0.203865,0.333773,0.275990,-0.214846,-0.817568,-0.277157,0.488453,0.132022,1755.093811,1757.160591,
-0.926128,-0.385031,0.229428,0.135453,0.249591,-0.214846,-0.527916,0.161537,-0.641108,0.157803,1949.692627,1889.276533,
-1.213766,0.526322,0.382807,0.383353,0.487185,-0.214846,1.137582,-1.255781,-0.641108,0.314414,1991.718567,1918.403355,
0.799702,0.146592,-0.000640,0.457723,0.091195,-0.214846,2.368603,-0.918324,1.046741,-0.070911,1694.096191,1722.333675,
0.512064,-2.131790,2.248918,2.118652,2.361535,-0.214846,-0.093439,-2.335641,1.669947,2.484874,2130.042623,2122.864819,
0.224425,-1.752060,1.916597,1.821173,1.859948,-0.214846,2.441016,0.060300,2.085417,2.062510,2289.424174,2212.060564,
-0.063213,0.526322,-1.202109,-1.252786,-1.307968,-0.214846,-0.093439,-0.344648,-0.329505,-1.144354,1597.828247,1661.862413,
-0.350851,0.981998,-1.892314,-1.922115,-1.967951,1.053949,-0.745155,-0.479631,-0.641108,-1.669196,1575.639282,1428.443721,
-0.494670,0.678214,-0.102893,-0.186816,-0.383992,-0.214846,-0.600329,0.026554,0.488453,-0.170172,2012.807414,1853.705577,
0.799702,-0.005300,-0.256272,-0.285976,-0.199197,-0.214846,0.485865,-0.007191,-0.212654,-0.316306,1591.223735,1684.536518,
-0.207032,-1.676114,1.814344,1.697223,1.675153,-0.214846,0.558278,-0.007191,1.669947,1.935676,2161.412923,2106.060855,
-1.645223,0.981998,-0.844224,-0.905726,-0.806381,-0.214846,-0.527916,1.983802,-0.641108,-0.845836,1551.799733,1520.835386,
1.374978,0.450376,0.152739,0.209823,0.249591,-0.214846,-0.238265,-0.108428,-0.641108,0.080737,1982.817902,1937.036463,
-1.069947,0.754160,0.306118,0.234613,0.407987,-0.214846,-1.614111,-0.648359,-0.641108,0.235695,1962.798330,2004.587620,
-1.357585,0.602268,-1.687809,-1.624636,-1.651159,-0.214846,3.889275,-1.998185,-0.641108,-1.520673,1346.060059,1407.176169,
-1.069947,0.981998,-2.020130,-2.021275,-1.994350,5.283267,0.341039,-0.817087,-0.641108,-1.759037,1363.209961,1434.047783,
0.224425,-0.612869,0.817381,1.151843,0.935973,-0.214846,0.992756,-0.108428,0.488453,0.776116,2121.651652,2070.123234,
-1.069947,0.906052,-0.179582,-0.087656,-0.093600,-0.214846,-0.745155,1.443872,-0.641108,-0.243653,1717.366394,1718.176522,
-0.063213,1.057944,-0.358524,-0.434716,-0.595187,0.701506,0.196213,0.161537,-0.641108,-0.411891,1800.782003,1755.919795,
-1.213766,0.754160,-0.767535,-0.781776,-0.727183,-0.214846,-1.614111,-0.547122,-0.641108,-0.779524,1503.188477,1511.647393,
-0.782309,0.981998,-2.020130,-2.021275,-2.020749,3.239097,0.920343,-0.884578,-0.641108,-1.759037,1444.329956,1575.924890,
-0.638489,0.070646,0.254991,0.160243,-0.331194,-0.214846,-1.614111,-0.344648,2.526855,0.183675,1717.138784,1774.108844,
1.662616,0.146592,-0.972040,-0.905726,-0.911979,-0.214846,-0.310678,1.173906,-0.641108,-0.954518,1543.959961,1540.701716,
1.518797,0.830106,-0.972040,-0.756986,-0.911979,3.803006,0.268626,-0.209665,-0.641108,-0.954518,1541.469971,1679.636508,
1.231159,0.830106,-0.128456,-0.062866,-0.040801,-0.144357,-0.745155,-0.749596,-0.641108,-0.194758,1606.563090,1681.691739,
1.231159,0.678214,-0.588593,-0.608246,-0.515989,-0.214846,1.861712,-0.310902,-0.641108,-0.621580,1503.790405,1489.856731,
-0.063213,-1.600167,1.737655,1.598063,1.595955,-0.214846,2.223777,0.431502,2.085417,1.841516,2106.596395,2230.289074,
0.799702,-0.840707,0.664002,0.680833,0.777577,-0.214846,-0.383091,-2.841826,0.059999,0.610129,1692.706512,1685.872537,
0.224425,0.830106,-1.508866,-1.550266,-1.677558,4.578380,0.847930,0.566485,-0.641108,-1.385889,1627.155518,1607.807813,
-0.207032,0.906052,-0.844224,-0.856146,-0.806381,-0.073868,-0.962394,0.330265,-0.641108,-0.845836,1876.965454,1652.015092,
0.655883,-2.283682,1.405334,1.300583,1.437560,-0.214846,0.268626,-1.019561,2.059450,1.443048,1696.069946,1681.599880,
-0.207032,-0.385031,0.280555,0.234613,0.355188,-0.214846,0.485865,-0.243411,-0.641108,0.209639,2080.274119,2029.600317,
0.224425,0.070646,0.459497,0.358563,0.170393,-0.214846,-0.093439,-0.243411,1.762686,0.393961,1952.251597,1975.079157,
0.224425,-1.524221,2.018849,1.895542,1.991945,-0.214846,0.196213,0.094046,1.773814,2.190814,2137.050232,2100.811093,
1.231159,0.906052,-1.227672,-1.252786,-1.175972,-0.144357,-0.310678,1.173906,-0.641108,-1.164988,1346.439941,1434.627416,
-1.213766,0.981998,-0.205145,-0.261186,-0.119999,0.631018,-0.310678,-0.142174,-0.641108,-0.267963,1834.454183,1761.680389,
-0.350851,0.906052,-0.665282,-0.732196,-0.753583,2.463722,-0.600329,-1.559491,-0.641108,-0.689822,1656.917969,1647.922570,
1.662616,0.830106,-0.128456,-0.186816,-0.119999,-0.003380,-0.889981,0.127791,-0.641108,-0.194758,2036.546590,1904.000075,
0.943521,0.830106,-0.435214,-0.459506,-0.357593,-0.214846,-1.252046,-1.525746,-0.641108,-0.482614,1511.050049,1563.871308,
1.087340,0.070646,0.510623,0.457723,0.592782,-0.214846,-0.383091,0.026554,-0.641108,0.447451,1999.101674,1957.555126,
-1.645223,0.602268,-0.972040,-1.029676,-0.938378,-0.214846,0.558278,1.106415,-0.641108,-0.954518,1608.436351,1527.170576,
0.080606,-0.916653,0.842944,0.730413,0.671980,-0.214846,0.703104,1.173906,0.501436,0.804102,1948.524536,1867.731479,
0.368244,-2.435574,2.044413,1.895542,1.991945,-0.214846,-0.383091,-1.255781,1.936698,2.223120,1815.079956,1923.591074,
-0.638489,0.222538,-0.051766,-0.137236,-0.014402,-0.214846,0.485865,0.364011,0.491994,-0.120726,1861.929586,1852.138785,
-1.069947,1.057944,-0.767535,-0.831356,-0.727183,-0.214846,-0.238265,-0.378394,-0.641108,-0.779524,1334.839966,1492.634768,
-0.494670,1.057944,-1.457740,-1.500686,-1.466364,-0.003380,-0.889981,0.498993,-0.641108,-1.346552,1581.500000,1555.364068,
0.080606,0.754160,-1.048730,-1.104046,-1.017576,1.758836,-0.889981,0.296519,-0.641108,-1.018624,1480.329956,1622.976220,
0.799702,-0.612869,0.561749,0.581673,0.645580,-0.214846,0.703104,1.173906,0.231380,0.501310,1652.726664,1745.935205,
-1.357585,0.981998,-1.892314,-1.897325,-1.862354,0.560529,-0.310678,-0.547122,-0.641108,-1.669196,1211.349976,1231.770152,
0.655883,0.450376,0.203865,0.110663,-0.067201,-0.073868,-0.672742,-0.445885,-0.641108,0.132022,2044.288351,1854.417720,
1.087340,-0.385031,0.996323,1.201423,1.120768,-0.214846,-0.310678,-0.277157,-0.641108,0.973948,2025.762268,2126.629109,
-1.357585,0.906052,-1.738935,-1.426316,-1.703958,-0.214846,-0.600329,-0.209665,-0.641108,-1.558355,1363.091187,1414.485372,
0.368244,0.906052,-1.278798,-1.302366,-1.255170,-0.003380,0.485865,1.443872,-0.641108,-1.205979,1665.670573,1665.205153,
1.087340,-0.309085,0.357244,0.333773,0.460785,-0.214846,0.413452,1.207652,-0.641108,0.288083,1713.217875,1732.443294,
1.374978,0.754160,-0.588593,-0.657826,-0.515989,-0.214846,1.282408,-0.175920,-0.641108,-0.621580,1501.300049,1493.161797,
-0.350851,0.981998,-0.844224,-0.484296,-0.779982,1.688347,-0.310678,0.229028,-0.641108,-0.845836,1895.773845,1640.663312,
-0.207032,-1.600167,1.124139,1.003103,1.041570,-0.214846,1.137582,0.971433,2.189285,1.118014,2238.030172,2152.130132,
-0.350851,0.526322,-0.409651,-0.484296,-0.489590,-0.003380,-1.179633,0.701467,-0.641108,-0.459132,1876.506083,1815.029868,
-1.645223,0.298484,0.306118,0.234613,0.381587,-0.214846,-0.310678,0.060300,-0.641108,0.235695,2046.384573,1975.885371,
-0.638489,-0.081246,0.229428,0.135453,0.117594,-0.214846,1.789299,-2.301896,2.078335,0.157803,1758.105825,1878.493158,
-0.207032,0.070646,0.254991,0.209823,0.275990,-0.214846,-0.455503,-0.007191,0.480663,0.183675,2127.166361,1950.015722,
-0.350851,0.146592,0.050486,-0.038076,0.064796,-0.214846,0.268626,-2.538115,-0.641108,-0.020729,1835.940216,1816.736067,
0.224425,-2.283682,2.044413,1.920332,2.044744,-0.214846,0.775517,0.465248,2.189285,2.223120,2286.240682,2239.194680,
-1.069947,0.981998,-1.687809,-1.723796,-1.703958,-0.214846,-0.455503,1.241398,-0.641108,-1.520673,1180.170044,1318.616775,
-1.357585,0.298484,-1.074293,-1.079256,-1.017576,-0.214846,0.123800,1.005178,-0.641108,-1.039808,1380.300049,1483.467559,
0.224425,-2.055844,1.967723,1.845962,1.991945,-0.214846,0.268626,-0.783341,1.936698,2.126478,1786.810059,2003.621405,
0.080606,-0.309085,-0.793098,-0.806566,-0.753583,-0.214846,0.630691,1.342635,0.085966,-0.801720,1434.329956,1555.970691,
1.662616,0.298484,0.203865,0.160243,0.249591,-0.214846,-0.600329,-0.007191,-0.641108,0.132022,2228.937398,2103.920169,
-0.063213,-1.676114,1.609839,1.498903,1.331962,-0.214846,-1.107220,-0.344648,0.916907,1.686421,1979.921590,2073.571628,
-1.501404,0.981998,-1.329924,-1.376736,-1.387166,-0.144357,-0.672742,-0.040937,-0.641108,-1.246602,1507.219971,1506.779099,
0.512064,0.374430,-0.358524,-0.434716,-0.383992,-0.214846,0.341039,0.330265,-0.641108,-0.411891,1617.890015,1700.197180,
1.662616,0.981998,-0.844224,-0.905726,-0.806381,-0.214846,0.196213,2.017548,-0.641108,-0.845836,1596.818247,1629.825143,
-0.494670,-0.688815,0.945197,0.829573,0.698379,-0.214846,-0.310678,-0.547122,1.903649,0.916965,2172.119812,2028.273756,
0.943521,-1.524221,1.839907,1.945122,1.991945,-0.214846,-0.238265,-1.930694,2.059450,1.967247,1924.848501,1779.083020,
1.087340,-0.385031,1.124139,1.226213,1.252764,-0.214846,1.282408,0.026554,-0.641108,1.118014,1934.234477,2021.558623,
1.374978,0.222538,0.101613,0.085873,0.196792,-0.214846,-0.455503,-0.209665,-0.641108,0.029820,2260.370728,1912.287513,
0.512064,-1.372329,1.124139,1.027893,1.173567,-0.214846,0.920343,0.836450,1.046741,1.118014,1880.818919,1884.722694,
1.231159,-0.536923,0.408370,0.408143,0.513584,-0.214846,0.920343,-2.403133,-0.641108,0.340838,1743.275838,1849.469226,
0.080606,-2.587466,2.402297,2.242602,2.440733,-0.214846,0.703104,-2.065676,2.059450,2.685051,2169.552002,2113.994360,
-1.645223,0.526322,-0.128456,-0.211606,-0.067201,-0.214846,0.847930,0.262774,-0.641108,-0.194758,1623.615438,1639.677405,
-0.926128,0.906052,-0.256272,-0.261186,-0.172798,-0.214846,-1.107220,-0.412139,-0.641108,-0.316306,1761.915527,1741.825101,
-0.494670,1.057944,-1.099856,-1.153626,-1.070374,-0.214846,0.123800,1.916311,-0.641108,-1.060901,1680.646139,1664.965378,
0.080606,-1.144491,0.638439,0.656043,0.513584,-0.214846,1.282408,-1.053307,2.137351,0.582786,1795.709635,1791.450125,
1.518797,0.526322,0.076049,0.061083,0.170393,-0.214846,-0.745155,-0.108428,-0.641108,0.004499,2092.051676,1993.670789,
0.943521,0.754160,-1.790061,-1.748586,-1.756756,0.983461,1.644473,0.094046,-0.641108,-1.595670,1418.719971,1505.998519,
-1.069947,1.057944,-0.179582,-0.211606,-0.093600,-0.214846,-0.745155,0.262774,-0.641108,-0.243653,1748.611684,1750.006503,
0.943521,-0.233139,0.152739,0.061083,0.196792,-0.214846,-0.021026,-0.479631,-0.641108,0.080737,1714.691722,1806.766858,
-1.213766,-0.536923,0.357244,0.482513,0.460785,-0.214846,-1.252046,-0.648359,-0.641108,0.288083,1711.688100,1780.716419,
-1.501404,0.526322,-1.585556,-1.575056,-1.545562,-0.214846,3.816862,-2.065676,-0.641108,-1.444205,1384.119995,1436.745718,
-0.494670,0.222538,0.408370,0.308983,0.302389,-0.214846,0.123800,0.465248,0.839006,0.340838,2023.278025,2042.496093,
-0.782309,1.057944,-1.738935,-1.773376,-1.730357,0.560529,0.196213,0.026554,-0.641108,-1.558355,1413.487427,1305.768510,
0.368244,0.298484,-1.150982,-1.178416,-1.228770,-0.214846,0.630691,0.768959,-0.641108,-1.102812,1459.150024,1497.476074,
1.374978,0.450376,-0.051766,-0.137236,0.011997,-0.214846,0.703104,0.431502,-0.641108,-0.120726,1682.843333,1719.466562,
1.518797,0.526322,-0.128456,-0.162026,-0.067201,-0.214846,-0.021026,1.477617,-0.641108,-0.194758,1731.927562,1668.879365,
-0.207032,-0.992599,0.740691,0.680833,0.777577,-0.214846,2.875494,-2.200659,2.078335,0.692709,1925.071493,1858.637989,
