9,-5,0.788692,13245.25373
9.5,-5,0.788746,13273.80991
9.5,-4.5,0.78869,13292.24625
9,-4.5,0.78767,13321.38737
10,-5,0.787781,13370.94733
8.5,-4.5,0.786245,13379.2331
10.5,-5,0.788262,13384.45324
8.5,-5,0.785089,13455.43107
10,-4.5,0.78684,13461.3795
11,-5,0.786674,13548.6637
8,-4.5,0.783497,13564.05945
8,-5,0.782555,13628.22618
10,-5.5,0.783419,13632.35931
9,-4,0.782461,13653.38802
10.5,-5.5,0.783549,13656.72188
9.5,-5.5,0.782477,13672.98972
8.5,-4,0.781559,13684.92635
10.5,-4.5,0.783484,13740.60757
11,-5.5,0.782673,13765.2343
9,-5.5,0.78044,13778.62861
9.5,-4,0.780858,13796.83291
8,-4,0.779237,13854.41054
8,-5.5,0.778538,13891.47331
8.5,-5.5,0.777603,13945.15287
7.5,-5,0.777192,13992.06403
7.5,-4.5,0.776982,14021.12411
10,-6,0.776456,14068.06853
10,-4,0.777268,14077.65361
11,-4.5,0.779244,14093.40091
9.5,-6,0.775561,14116.34206
10.5,-6,0.775783,14129.27384
7.5,-5.5,0.775079,14134.08385
8,-6,0.774683,14146.99085
9,-6,0.773898,14203.90134
11,-6,0.774716,14236.29723
8.5,-6,0.772805,14269.95931
10.5,-4,0.773869,14347.28848
9.5,-6.5,0.771112,14391.45554
10,-6.5,0.771334,14395.92548
9,-3.5,0.770301,14416.71829
10.5,-6.5,0.771324,14421.49157
11,-6.5,0.771377,14431.56726
8.5,-3.5,0.770006,14433.79103
7.5,-6,0.770344,14442.14186
7.5,-4,0.771082,14456.30936
8,-6.5,0.769825,14457.49991
7,-5,0.770577,14471.85633
9,-6.5,0.769323,14499.13938
9.5,-3.5,0.768905,14524.96539
7,-5.5,0.76949,14532.82672
11,-7.5,0.769042,14541.73508
11,-7,0.769211,14546.56159
10.5,-7,0.768575,14563.39282
10,-7,0.768369,14569.91375
8.5,-6.5,0.767799,14592.2891
9.5,-7,0.767792,14606.45035
10.5,-7.5,0.767804,14610.89324
7,-4.5,0.768684,14642.08643
11,-4,0.769608,14685.32354
10,-3.5,0.766678,14685.94342
7.5,-6.5,0.766304,14691.98841
10,-7.5,0.766059,14719.7205
9,-7,0.766045,14724.03963
7,-6,0.765763,14758.87777
11,-8,0.765065,14787.82371
8,-7,0.764577,14799.37601
8,-3.5,0.765407,14811.42492
9.5,-7.5,0.764501,14823.03627
10.5,-8,0.763816,14874.55052
8.5,-7,0.763076,14909.79905
10.5,-3.5,0.76298,14948.65843
9,-7.5,0.761723,15003.43706
7,-6.5,0.761487,15037.59346
10,-8,0.760904,15053.74816
6.5,-5,0.762924,15066.96588
6.5,-5.5,0.762312,15068.59527
7.5,-7,0.760242,15095.51151
6.5,-6,0.760161,15179.76036
7,-4,0.761889,15209.18695
8.5,-7.5,0.758297,15231.69494
8,-7.5,0.75672,15294.76512
11,-3.5,0.757873,15310.07162
11,-8.5,0.756996,15312.0992
9.5,-8,0.756733,15318.47685
6.5,-4.5,0.759224,15408.00974
7,-7,0.755045,15459.15324
6.5,-6.5,0.754744,15525.20388
10.5,-8.5,0.753455,15537.81885
9,-3,0.753508,15542.96379
9.5,-3,0.753095,15546.76783
7.5,-3.5,0.756492,15548.8137
9,-8,0.753208,15558.71505
6,-5.5,0.754847,15651.26593
10,-3,0.750913,15666.84328
7.5,-7.5,0.750917,15679.35999
8.5,-3,0.751107,15754.22008
10,-8.5,0.749648,15783.40584
6,-6,0.752054,15789.18138
6,-5,0.753542,15812.88085
8.5,-8,0.748392,15868.7015
6.5,-7,0.748071,15923.29809
10.5,-3,0.746254,15940.83641
11,-9,0.745962,16020.93804
6,-6.5,0.747742,16032.10727
9.5,-8.5,0.74554,16044.83867
8,-8,0.743791,16095.18594
7,-7.5,0.743881,16144.60444
10.5,-9,0.742522,16237.90611
11,-3,0.741291,16241.8037
6.5,-4,0.749282,16272.52508
9,-8.5,0.741386,16315.0777
6,-4.5,0.748516,16347.45385
5.5,-5.5,0.74514,16415.7321
5.5,-6,0.743727,16437.01474
10,-9,0.73867,16479.10444
8,-3,0.742589,16499.97862
6,-7,0.739647,16512.54555
7.5,-8,0.737014,16525.03006
7,-3.5,0.7443,16617.80609
6.5,-7.5,0.736525,16633.17227
5.5,-6.5,0.739093,16673.13681
11,-9.5,0.735336,16686.01651
8.5,-8.5,0.735234,16703.32771
5.5,-5,0.742034,16780.25775
9.5,-9,0.733487,16802.99745
10.5,-9.5,0.731228,16941.23673
8,-8.5,0.728812,17011.47338
7,-8,0.729418,17019.25957
5.5,-7,0.731601,17107.76879
9,-9,0.728103,17141.58931
6,-7.5,0.728311,17195.28698
10,-9.5,0.726252,17253.81817
5,-6,0.733377,17260.09129
5,-6.5,0.730261,17362.88379
5,-5.5,0.733911,17384.87491
7.5,-8.5,0.722708,17400.1833
11,-10,0.723795,17403.02277
6.5,-8,0.722342,17491.7878
8.5,-9,0.722028,17523.66025
6,-4,0.735365,17573.75251
7.5,-3,0.730373,17581.09098
5.5,-4.5,0.734965,17594.35511
9.5,-9.5,0.720371,17620.77452
9,-2.5,0.726126,17651.49935
9.5,-2.5,0.724545,17676.64738
10.5,-10,0.718559,17731.84297
10,-2.5,0.721604,17804.14282
5,-7,0.721782,17841.50216
5.5,-7.5,0.719125,17842.41082
8,-9,0.714901,17871.85672
7,-8.5,0.714575,17924.29383
10.5,-2.5,0.718377,17969.35842
5,-5,0.728534,17991.80008
6.5,-3.5,0.729834,18007.59626
8.5,-2.5,0.722512,18021.2949
11,-2.5,0.716691,18054.70901
9,-9.5,0.713549,18055.39058
6,-8,0.713747,18082.41889
10,-10,0.711675,18161.48206
4.5,-6,0.721932,18262.28451
4.5,-6.5,0.718881,18303.24887
7.5,-9,0.706696,18396.45299
6.5,-8.5,0.70602,18504.55299
8.5,-9.5,0.706116,18515.26358
9.5,-10,0.704627,18604.62528
5,-7.5,0.708438,18626.77514
4.5,-5.5,0.720091,18661.66817
4.5,-7,0.709486,18768.64411
5.5,-8,0.703688,18787.49899
8,-9.5,0.697876,18938.4557
7,-9,0.69769,18984.47557
9,-10,0.696846,19092.24481
5.5,-4,0.722159,19095.75
7,-3,0.714305,19105.64333
5,-4.5,0.720625,19109.6087
6,-8.5,0.696337,19173.87394
8,-2.5,0.705278,19416.80686
7.5,-9.5,0.688903,19519.01975
4.5,-5,0.714083,19529.38585
4.5,-7.5,0.696502,19565.21966
4,-6.5,0.704326,19565.77483
6.5,-9,0.689002,19572.98611
5,-8,0.692777,19603.02471
8.5,-10,0.68822,19634.99517
6,-3.5,0.714057,19691.54399
4,-6,0.706491,19697.93412
5.5,-8.5,0.686485,19880.28882
4,-7,0.69601,19918.96794
7,-9.5,0.68051,20062.15504
8,-10,0.679841,20070.53806
6,-9,0.679278,20230.67719
4,-5.5,0.704516,20326.14357
4.5,-8,0.681377,20466.01131
7.5,-10,0.671784,20586.69141
5,-8.5,0.676196,20605.04733
4,-7.5,0.683142,20609.23883
6.5,-9.5,0.671589,20648.26887
5.5,-9,0.669812,20878.50501
6.5,-3,0.697873,20967.86741
7.5,-2.5,0.6896,20988.24407
7,-10,0.664595,21050.22112
4.5,-4.5,0.704786,21126.23303
3.5,-6.5,0.687576,21158.23113
5,-4,0.705155,21170.63797
6,-9.5,0.663665,21189.06006
3.5,-7,0.680018,21318.71051
3.5,-6,0.690687,21436.01562
4.5,-8.5,0.664934,21464.60976
6.5,-10,0.658348,21465.914
4,-8,0.668493,21507.56835
5,-9,0.660394,21581.65992
9,-2,0.678792,21627.43387
4,-5,0.696871,21627.6352
9.5,-2,0.676881,21649.26063
10,-2,0.675709,21685.61488
10.5,-2,0.675141,21703.70417
11,-2,0.675001,21704.57913
5.5,-9.5,0.656081,21727.45024
5.5,-3.5,0.697567,21860.80721
6,-10,0.652347,21894.61042
3.5,-7.5,0.668086,21931.19687
8.5,-2,0.674243,22139.41451
4.5,-9,0.651359,22276.41046
5,-9.5,0.648753,22282.45269
5.5,-10,0.646538,22336.82864
4,-8.5,0.653398,22392.15341
3.5,-5.5,0.68648,22464.05657
3.5,-8,0.653989,22721.98945
5,-10,0.640705,22807.41767
4.5,-9.5,0.641264,22927.89777
7,-2.5,0.669508,23089.19166
4,-9,0.641264,23148.34596
3,-7,0.660902,23212.39216
3,-6.5,0.668249,23216.56173
6,-3,0.680097,23287.03919
3.5,-8.5,0.640786,23456.42983
4.5,-10,0.632628,23517.09434
3,-7.5,0.650159,23569.29566
4,-9.5,0.631661,23771.81659
3,-6,0.670259,23801.38626
4,-4.5,0.683356,23872.09632
4.5,-4,0.685323,23930.41148
8,-2,0.649972,24019.89613
3.5,-9,0.629732,24143.65987
3,-8,0.6371,24191.2764
3.5,-5,0.676599,24315.54536
4,-10,0.622625,24427.03801
3,-8.5,0.625913,24830.6634
5,-3.5,0.677168,24831.98131
3.5,-9.5,0.619409,24848.331
3,-5.5,0.663639,25255.76589
3,-9,0.614891,25503.43586
2.5,-7,0.639564,25505.4859
6.5,-2.5,0.651476,25588.0181
3.5,-10,0.608678,25602.86979
2.5,-7.5,0.629724,25636.68629
2.5,-6.5,0.646022,25785.15643
2.5,-8,0.619101,26014.71538
7.5,-2,0.631686,26062.97653
3,-9.5,0.603813,26236.62192
5.5,-3,0.659483,26460.90008
2.5,-8.5,0.607734,26536.2075
2.5,-6,0.645399,26721.03062
3,-10,0.589864,27155.73532
2.5,-9,0.595693,27219.89664
3.5,-4.5,0.65835,27367.24633
10,-1.5,0.611226,27620.76407
11,-1.5,0.610823,27623.13284
10.5,-1.5,0.610954,27623.45049
9.5,-1.5,0.611355,27625.63913
4,-4,0.658602,27651.08817
3,-5,0.649848,27706.21032
9,-1.5,0.611073,27708.94322
2,-7.5,0.608136,27939.04823
2.5,-9.5,0.581916,28092.16179
2,-7,0.616821,28125.25506
2,-8,0.596696,28205.10958
8.5,-1.5,0.604897,28378.66951
2.5,-5.5,0.638153,28628.96602
2,-8.5,0.58564,28652.91791
4.5,-3.5,0.651722,28710.6362
2,-6.5,0.622301,28750.4378
7,-2,0.612339,28759.77724
2.5,-10,0.568747,29013.17674
6,-2.5,0.630005,29032.84093
2,-9,0.573115,29287.60718
2,-6,0.620112,30123.16894
2,-9.5,0.559134,30143.93355
8,-1.5,0.579451,30421.65511
5,-3,0.632971,30577.61671
1.5,-8,0.573249,30679.20548
1.5,-7.5,0.582784,30711.6406
1.5,-8.5,0.562075,30981.64697
2,-10,0.545298,31126.76864
1.5,-7,0.592081,31133.2536
1.5,-9,0.550177,31607.24262
3,-4.5,0.628706,31646.70854
2.5,-5,0.622338,31763.48073
1.5,-6.5,0.596763,32010.05444
3.5,-4,0.630074,32068.24876
6.5,-2,0.589805,32318.37729
1.5,-9.5,0.53695,32415.4208
2,-5.5,0.611489,32493.37063
7.5,-1.5,0.560582,32991.23044
4,-3.5,0.622045,33216.00884
5.5,-2.5,0.602146,33260.16559
1,-8,0.548492,33505.67282
1.5,-10,0.521144,33515.58575
1,-8.5,0.538296,33644.45969
1.5,-6,0.594638,33694.24767
1,-7.5,0.558233,33776.34009
1,-9,0.526726,34155.69712
1,-7,0.567032,34257.51407
1,-9.5,0.512977,34952.91144
4.5,-3,0.601844,35281.5192
10.5,-1,0.527459,35400.74626
11,-1,0.527459,35400.74626
10,-1,0.527596,35402.29122
9.5,-1,0.527856,35402.89183
1,-6.5,0.572028,35476.65229
9,-1,0.526323,35542.729
2,-5,0.597153,35849.3226
2.5,-4.5,0.602858,35953.58778
1,-10,0.49927,35987.71037
8.5,-1,0.517903,36284.3483
1.5,-5.5,0.587419,36383.80977
7,-1.5,0.538555,36422.85393
0.5,-8,0.526434,36467.08072
0.5,-8.5,0.515896,36539.41695
6,-2,0.560175,36592.19563
3,-4,0.602615,36628.91598
0.5,-9,0.504427,36891.60478
0.5,-7.5,0.534974,36929.909
1,-6,0.571717,37468.83388
0.5,-9.5,0.492775,37557.53038
0.5,-7,0.54523,37714.8952
5,-2.5,0.569761,37956.52164
3.5,-3.5,0.593747,37981.06237
8,-1,0.495847,38358.59704
0.5,-10,0.479863,38610.27323
0.5,-6.5,0.551062,39231.64729
0,-8.5,0.495222,39503.81218
0,-8,0.505483,39651.05164
0,-9,0.484977,39748.12881
4,-3,0.572095,40010.17863
0,-7.5,0.515699,40168.93865
1.5,-5,0.575448,40217.67428
2,-4.5,0.57939,40423.33997
0,-9.5,0.474453,40454.3034
6.5,-1.5,0.507713,40454.94585
1,-5.5,0.567591,40558.36675
5.5,-2,0.527026,41126.44959
2.5,-4,0.578562,41210.24983
7.5,-1,0.473821,41263.3527
0,-7,0.524242,41435.49804
0,-10,0.463061,41448.16369
0.5,-6,0.553991,41612.39782
4.5,-2.5,0.53908,42588.44579
3,-3.5,0.567879,42618.41768
-0.5,-8.5,0.478059,42664.37126
-0.5,-9,0.469004,42906.5187
-0.5,-8,0.486863,43039.18436
0,-6.5,0.532786,43143.22842
-0.5,-9.5,0.459463,43503.02044
-0.5,-7.5,0.496789,43755.31558
10,-0.5,0.431426,43845.93516
10.5,-0.5,0.431426,43845.93516
11,-0.5,0.431426,43845.93516
9.5,-0.5,0.431659,43847.94328
9,-0.5,0.429622,43997.16485
1,-5,0.558286,44472.02301
-0.5,-10,0.449985,44537.16736
3.5,-3,0.545156,44588.21529
6,-1.5,0.47406,44633.43268
8.5,-0.5,0.421075,44687.89639
7,-1,0.444454,44741.87357
0.5,-5.5,0.551564,44755.90793
1.5,-4.5,0.55825,44773.56329
-0.5,-7,0.506496,45094.44201
5,-2,0.493699,45469.9045
0,-6,0.536656,45598.05265
2,-4,0.553559,45612.22071
-1,-8.5,0.462729,45923.95725
-1,-9,0.454598,46035.22393
-1,-8,0.471475,46347.14475
-1,-9.5,0.447182,46593.37238
8,-0.5,0.397495,46618.13694
4,-2.5,0.510609,46867.63112
2.5,-3.5,0.541989,46951.08485
-0.5,-6.5,0.514661,46969.68113
-1,-7.5,0.480818,47261.21132
-1,-10,0.439338,47639.13923
6.5,-1,0.412095,48305.31143
0.5,-5,0.542915,48386.31227
5.5,-1.5,0.440827,48534.44635
-1,-7,0.490408,48581.10146
0,-5.5,0.536357,48604.17897
3,-3,0.518514,48634.32987
1,-4.5,0.542372,48664.39907
-1.5,-8.5,0.451981,49173.23705
7.5,-0.5,0.371516,49184.99476
-1.5,-9,0.445088,49197.84972
-0.5,-6,0.522401,49299.16644
4.5,-2,0.464117,49367.65594
1.5,-4,0.534514,49426.13989
-1.5,-8,0.459886,49595.02095
-1.5,-9.5,0.43855,49681.86963
-1,-6.5,0.502032,50384.44196
-1.5,-7.5,0.469121,50453.83761
3.5,-2.5,0.481427,50597.87983
2,-3.5,0.51976,50627.89528
-1.5,-10,0.431681,50661.40802
10,0,0.329351,51410.6929
10.5,0,0.329351,51410.6929
11,0,0.329351,51410.6929
9.5,0,0.329375,51411.66077
9,0,0.327146,51519.85192
6,-1,0.378811,51555.61548
-1.5,-7,0.479843,51738.59617
0,-5,0.528865,51743.96064
5,-1.5,0.412268,51861.98716
-0.5,-5.5,0.522572,51883.77082
7,-0.5,0.343139,51935.86777
0.5,-4.5,0.52783,52068.60673
2.5,-3,0.494089,52079.25058
8.5,0,0.31909,52081.11424
-2,-8.5,0.444255,52094.14495
-2,-9,0.437939,52123.40873
-1,-6,0.509368,52426.55399
-2,-8,0.451529,52511.10554
-2,-9.5,0.431974,52572.20805
4,-2,0.439153,52618.54219
1,-4,0.519185,52750.2859
-2,-7.5,0.460562,53296.51393
-1.5,-6.5,0.491853,53316.78299
-2,-10,0.426033,53410.59581
8,0,0.291153,53525.78445
3,-2.5,0.45874,53639.81269
1.5,-3.5,0.503212,53697.39711
5.5,-1,0.353088,54282.75328
-2,-7,0.471697,54401.3405
6.5,-0.5,0.313246,54424.86979
-0.5,-5,0.52003,54598.92834
4.5,-1.5,0.388807,54604.61372
-2.5,-8.5,0.438701,54647.03179
-2.5,-9,0.433039,54675.29135
-1,-5.5,0.513717,54683.07653
0,-4.5,0.517191,54849.84606
2,-3,0.476138,54854.55483
-2.5,-8,0.445452,55009.83451
-2.5,-9.5,0.427704,55053.57116
-1.5,-6,0.501757,55080.75282
3.5,-2,0.414023,55214.09394
7.5,0,0.267914,55311.05781
0.5,-4,0.508344,55395.90645
-2.5,-7.5,0.454515,55699.21288
-2,-6.5,0.483961,55745.78072
-2.5,-10,0.421834,55763.04141
2.5,-2.5,0.440116,56042.57536
1,-3.5,0.490732,56143.84136
5,-1,0.330068,56474.02859
6,-0.5,0.287835,56519.54956
-2.5,-7,0.465865,56625.20054
4,-1.5,0.364825,56750.62111
-3,-8.5,0.434698,56772.84765
-3,-9,0.429315,56784.90009
-1,-5,0.51246,56814.13814
-1.5,-5.5,0.507712,56863.75638
10,0.5,0.223871,56934.95568
10.5,0.5,0.223871,56934.95568
11,0.5,0.223871,56934.95568
9.5,0.5,0.223868,56935.55356
9,0.5,0.221591,56994.95462
1.5,-3,0.461724,56997.71672
-0.5,-4.5,0.509615,57006.48428
7,0,0.244723,57045.57402
-3,-8,0.441445,57071.24252
-3,-9.5,0.424244,57085.35557
-2,-6,0.495848,57150.5826
3,-2,0.395819,57263.36478
8.5,0.5,0.21377,57362.30249
0,-4,0.498972,57423.33931
-3,-10,0.418519,57606.88102
-3,-7.5,0.45027,57607.41728
-2.5,-6.5,0.479916,57668.34727
2,-2.5,0.425392,57926.71993
0.5,-3.5,0.480324,57987.94244
4.5,-1,0.311892,58177.64035
5.5,-0.5,0.268938,58179.74978
8,0.5,0.189041,58200.57867
-3,-7,0.462121,58322.42084
3.5,-1.5,0.350596,58433.84427
-3.5,-9,0.426844,58446.50252
-3.5,-8.5,0.432131,58458.63247
-1.5,-5,0.505534,58495.78406
6.5,0,0.224314,58497.69272
-2,-5.5,0.501236,58513.52629
1,-3,0.452883,58645.30939
-3.5,-9.5,0.421765,58647.52592
-1,-4.5,0.50309,58649.97053
-3.5,-8,0.438739,58667.51274
-2.5,-6,0.490662,58730.95965
2.5,-2,0.382179,58841.51086
-0.5,-4,0.49253,58956.53083
-3.5,-7.5,0.447373,59056.82852
-3.5,-10,0.416241,59061.998
-3,-6.5,0.474687,59111.94342
7.5,0.5,0.172458,59221.17637
1.5,-2.5,0.415435,59333.82529
0,-3.5,0.473595,59380.83274
5,-0.5,0.25797,59462.47848
4,-1,0.30247,59499.99101
-3.5,-7,0.458019,59594.66962
6,0,0.209201,59663.03401
-4,-8.5,0.429956,59673.86681
-4,-9,0.424903,59683.78584
3,-1.5,0.337294,59695.3323
-2,-5,0.501305,59763.18402
-2.5,-5.5,0.497409,59778.03953
-4,-8,0.435876,59826.17442
-4,-9.5,0.420252,59842.41038
0.5,-3,0.444748,59874.21853
-1.5,-4.5,0.497926,59878.29076
-3,-6,0.486208,59926.7482
2,-2,0.374014,60006.6723
-1,-4,0.487374,60100.17539
-4,-10,0.414876,60137.15558
-4,-7.5,0.444471,60151.12055
7,0.5,0.158899,60153.57881
10,1,0.123617,60191.58598
10.5,1,0.123617,60191.58598
11,1,0.123617,60191.58598
9.5,1,0.123603,60191.90825
-3.5,-6.5,0.470953,60195.84673
9,1,0.121812,60219.31834
1,-2.5,0.408852,60371.41918
8.5,1,0.116417,60395.43506
-0.5,-3.5,0.467937,60405.41198
4.5,-0.5,0.251728,60436.39873
3.5,-1,0.293896,60468.20615
-4,-7,0.455429,60559.11289
5.5,0,0.201628,60560.33859
-4.5,-9,0.423207,60592.40839
-4.5,-8.5,0.428021,60601.07117
2.5,-1.5,0.33156,60622.98087
-2.5,-5,0.499388,60689.31397
-3,-5.5,0.495177,60699.17637
-4.5,-9.5,0.418782,60718.8963
-4.5,-8,0.434009,60730.48909
0,-3,0.440371,60759.24179
-2,-4.5,0.496479,60767.60385
-3.5,-6,0.483807,60806.05435
8,1,0.101222,60830.2282
1.5,-2,0.368073,60854.35464
6.5,0.5,0.148409,60887.52176
-1.5,-4,0.486227,60921.41641
-4.5,-10,0.413766,60947.19149
-4.5,-7.5,0.442537,60959.58531
-4,-6.5,0.469216,60993.44137
0.5,-2.5,0.404396,61123.10402
-1,-3.5,0.466904,61139.38379
4,-0.5,0.245602,61154.74652
3,-1,0.287628,61182.43011
5,0,0.197638,61234.65545
-4.5,-7,0.453946,61245.48368
-5,-9,0.42212,61276.45413
-5,-8.5,0.426853,61279.02948
2,-1.5,0.325857,61298.6731
-3,-5,0.497785,61347.29689
7.5,1,0.092399,61350.67551
-3.5,-5.5,0.493516,61356.16249
-5,-9.5,0.417637,61364.80809
-5,-8,0.432914,61377.64133
-0.5,-3,0.438989,61398.80062
-2.5,-4.5,0.494682,61401.6966
-4,-6,0.482589,61430.6529
6,0.5,0.14117,61455.34771
1,-2,0.36498,61469.28363
-2,-4,0.483966,61513.72805
-5,-10,0.412817,61532.61399
-5,-7.5,0.441187,61543.64803
-4.5,-6.5,0.467777,61568.97678
0,-2.5,0.403712,61662.49172
3.5,-0.5,0.241158,61679.1429
-1.5,-3.5,0.464904,61685.67307
2.5,-1,0.283068,61699.64466
4.5,0,0.193802,61733.83355
10,1.5,0.052382,61736.0001
10.5,1.5,0.052382,61736.0001
11,1.5,0.052382,61736.0001
9.5,1.5,0.052373,61736.12404
9,1.5,0.051463,61744.03717
-5,-7,0.452895,61757.73694
-5.5,-9,0.421531,61784.13814
-5.5,-8.5,0.426029,61786.31915
1.5,-1.5,0.323697,61790.38756
7,1,0.086772,61801.4493
8.5,1.5,0.049523,61813.49168
-3.5,-5,0.496388,61824.28396
-4,-5.5,0.491994,61836.28322
-5.5,-9.5,0.416991,61843.77213
-5.5,-8,0.432047,61853.47865
-3,-4.5,0.493549,61865.06854
-1,-3,0.436467,61872.00761
5.5,0.5,0.137274,61880.54681
-4.5,-6,0.481366,61885.16396
0.5,-2,0.36338,61916.84468
-2.5,-4,0.482492,61951.84198
-5.5,-10,0.412115,61958.63656
-5.5,-7.5,0.440353,61971.90326
-5,-6.5,0.466621,61989.31616
8,1.5,0.041736,62055.59879
3,-0.5,0.238075,62055.70004
-0.5,-2.5,0.401138,62066.35357
-2,-3.5,0.463128,62072.61223
2,-1,0.281574,62081.20926
4,0,0.19035,62098.99095
6.5,1,0.081459,62123.49905
-5.5,-7,0.451776,62126.90496
-6,-9,0.420919,62141.71687
-6,-8.5,0.425446,62144.04419
1,-1.5,0.322036,62147.22378
-4,-5,0.49553,62167.14005
-4.5,-5.5,0.491244,62172.31042
-6,-9.5,0.416488,62181.60861
-6,-8,0.431347,62191.70047
5,0.5,0.135519,62196.41983
-3.5,-4.5,0.492424,62199.40323
-1.5,-3,0.434906,62204.01814
-5,-6,0.480394,62216.18009
0,-2,0.362261,62245.11593
-6,-10,0.411671,62255.73752
-3,-4,0.481683,62265.47495
-6,-7.5,0.439673,62277.94047
-5.5,-6.5,0.465518,62290.89186
7.5,1.5,0.037991,62327.22965
2.5,-0.5,0.236694,62331.98072
10,2,0.020467,62332.14889
10.5,2,0.020467,62332.14889
11,2,0.020467,62332.14889
9,2,0.020201,62332.15794
9.5,2,0.020464,62332.19621
-1,-2.5,0.399561,62340.33985
-2.5,-3.5,0.462758,62352.14749
1.5,-1,0.280301,62353.37634
3.5,0,0.188344,62354.97164
6,1,0.076959,62358.99386
8.5,2,0.01967,62360.19686
-6,-7,0.450776,62385.05933
-6.5,-9,0.42045,62387.99868
-6.5,-8.5,0.425061,62391.93388
0.5,-1.5,0.320904,62405.72911
-4.5,-5,0.494534,62421.15186
-5,-5.5,0.490571,62421.67886
-6.5,-9.5,0.416262,62421.70429
4.5,0.5,0.133673,62427.7621
-6.5,-8,0.430807,62428.73901
-2,-3,0.43466,62446.06279
-4,-4.5,0.49159,62446.08421
-5.5,-6,0.479704,62450.81452
-0.5,-2,0.3603,62469.99637
-6.5,-10,0.411434,62483.78148
-3.5,-4,0.48112,62492.042
-6.5,-7.5,0.438912,62492.52807
-6,-6.5,0.465103,62503.83246
8,2,0.014298,62530.49534
2,-0.5,0.23558,62531.64894
5.5,1,0.075085,62532.5277
9,2.5,0.009891,62533.57503
10,2.5,0.00994,62535.43453
10.5,2.5,0.00994,62535.43453
11,2.5,0.00994,62535.43453
9.5,2.5,0.00994,62535.4598
3,0,0.186762,62540.59568
-1.5,-2.5,0.399345,62541.46879
7,1.5,0.035482,62542.78575
1,-1,0.278848,62548.9414
8.5,2.5,0.009635,62548.95088
-3,-3.5,0.462305,62551.67004
-6.5,-7,0.45061,62572.74566
-7,-9,0.420203,62580.57418
-7,-8.5,0.424675,62581.40887
0,-1.5,0.320061,62586.70002
4,0.5,0.132004,62595.76455
-5.5,-5.5,0.489834,62601.16576
-5,-5,0.494105,62602.23345
-7,-9.5,0.415956,62604.24941
-7,-8,0.430527,62606.99851
9,3,0.006124,62607.21583
10,3,0.00613,62609.2904
10.5,3,0.00613,62609.2904
11,3,0.00613,62609.2904
9.5,3,0.00613,62609.31084
-2.5,-3,0.434373,62617.80993
8.5,3,0.005937,62619.04063
-4.5,-4.5,0.491117,62620.37971
-6,-6,0.479156,62621.74534
-1,-2,0.360459,62634.38401
9,3.5,0.004232,62637.99791
10,3.5,0.004239,62640.07354
10.5,3.5,0.004239,62640.07354
11,3.5,0.004239,62640.07354
9.5,3.5,0.004238,62640.0924
-7,-10,0.411248,62648.31021
8.5,3.5,0.0041,62648.87748
-7,-7.5,0.438644,62651.08139
9,4,0.003214,62651.11918
-4,-4,0.480429,62653.04932
10,4,0.003221,62653.18532
10.5,4,0.003221,62653.18532
11,4,0.003221,62653.18532
9.5,4,0.00322,62653.20349
9,4.5,0.002543,62656.2449
9,5,0.00163,62657.77467
9,5.5,0.001162,62658.04828
9,6,0.000107,62658.071
9,6.5,0,62658.07165
9,7,0,62658.07165
9,7.5,0,62658.07165
9,8,0,62658.07165
10,4.5,0.002545,62658.30968
10.5,4.5,0.002545,62658.30968
11,4.5,0.002545,62658.30968
9.5,4.5,0.002547,62658.32719
-6.5,-6.5,0.464377,62659.14386
10,5,0.00292,62659.83863
10.5,5,0.00292,62659.83863
11,5,0.00292,62659.83863
9.5,5,0.001649,62659.85595
10,5.5,0.001167,62660.11213
10.5,5.5,0.001167,62660.11213
11,5.5,0.001167,62660.11213
9.5,5.5,0.001166,62660.1294
10,6,0.000262,62660.13486
10.5,6,0.000262,62660.13486
11,6,0.000262,62660.13486
10,6.5,0,62660.1355
10.5,6.5,0,62660.1355
11,6.5,0,62660.1355
10,7,0,62660.13551
10,7.5,0,62660.13551
10,8,0,62660.13551
10.5,7,0,62660.13551
10.5,7.5,0,62660.13551
10.5,8,0,62660.13551
11,7,0,62660.13551
11,7.5,0,62660.13551
11,8,0,62660.13551
9.5,6,-0.000273,62660.15212
9.5,6.5,0,62660.15277
9.5,7,0,62660.15277
9.5,7.5,0,62660.15277
9.5,8,0,62660.15277
8.5,4,0.003107,62661.8204
8.5,4.5,0.002472,62666.92116
5,1,0.074758,62666.98497
6.5,1.5,0.03287,62668.26506
8.5,5,0.001824,62668.44873
8.5,5.5,0.00115,62668.72171
8.5,6,0.000084,62668.7443
8.5,6.5,0,62668.74494
8.5,7,0,62668.74494
8.5,7.5,0,62668.74494
8.5,8,0,62668.74494
1.5,-0.5,0.234548,62674.24561
2.5,0,0.186059,62678.8576
-2,-2.5,0.398764,62685.95824
0.5,-1,0.278275,62689.0761
8,2.5,0.005476,62694.42941
-3.5,-3.5,0.461333,62694.97751
7.5,2,0.012799,62703.01842
3.5,0.5,0.130926,62708.03781
-7,-7,0.4499,62709.04994
-7.5,-8.5,0.424408,62715.40505
-7.5,-9,0.419993,62715.94378
-0.5,-1.5,0.319666,62716.24651
-5.5,-5,0.493498,62729.55006
-7.5,-8,0.430096,62732.52525
-6,-5.5,0.48955,62732.59133
-7.5,-9.5,0.415817,62733.27571
-3,-3,0.43345,62739.37871
-5,-4.5,0.490462,62740.77824
-6.5,-6,0.478614,62747.44753
-1.5,-2,0.359436,62748.72834
6,1.5,0.030746,62754.17371
8,3,0.002844,62755.36345
-7.5,-10,0.411072,62763.19679
-4.5,-4,0.479541,62764.09214
-7.5,-7.5,0.438344,62766.49325
4.5,1,0.074141,62766.55834
-7,-6.5,0.464205,62774.09586
1,-0.5,0.234035,62777.31331
2,0,0.185209,62778.78455
-2.5,-2.5,0.397807,62785.24709
0,-1,0.277937,62789.5857
-4,-3.5,0.460473,62791.10168
3,0.5,0.13039,62794.48819
-1,-1.5,0.319099,62806.80523
-7.5,-7,0.449646,62807.22585
-8,-9,0.419757,62809.85022
-8,-8.5,0.424173,62810.67053
5.5,1.5,0.030119,62816.5437
-6,-5,0.493,62817.12297
-6.5,-5.5,0.48878,62819.07035
-8,-9.5,0.41555,62821.43408
-3.5,-3,0.432323,62822.98181
-8,-8,0.429907,62823.40824
-5.5,-4.5,0.489955,62824.27013
7,2,0.011714,62825.90622
-7,-6,0.4781,62830.28616
-2,-2,0.358561,62830.475
7.5,2.5,0.004847,62833.04381
4,1,0.073138,62835.50356
-5,-4,0.479368,62839.38784
-8,-10,0.41086,62843.19103
-8,-7.5,0.438075,62844.96544
-7.5,-6.5,0.463722,62848.60946
1.5,0,0.184908,62850.19721
8,3.5,0.001714,62851.1951
0.5,-0.5,0.23354,62851.60716
8,4,0.000684,62855.35111
-3,-2.5,0.396985,62856.25959
8,4.5,0.000437,62856.6267
8,5,0.000409,62857.00101
8,5.5,-0.000156,62857.07704
8,6,0.000079,62857.08496
8,6.5,0,62857.08527
8,7,0,62857.08528
8,7.5,0,62857.08528
8,8,0,62857.08528
2.5,0.5,0.129993,62859.0657
-4.5,-3.5,0.460248,62859.73545
-0.5,-1,0.277826,62860.07568
-8,-7,0.44947,62871.8454
5,1.5,0.030222,62872.24403
-1.5,-1.5,0.318641,62872.53585
-8.5,-9,0.419664,62873.98109
6.5,2,0.010852,62874.27839
-8.5,-8.5,0.424061,62874.76122
-6.5,-5,0.492985,62877.40029
-7,-5.5,0.48878,62879.09515
3.5,1,0.07294,62879.61391
-8.5,-9.5,0.415509,62881.67728
7.5,3,0.00255,62882.11569
-6,-4.5,0.489964,62883.01459
-4,-3,0.432204,62883.17636
-8.5,-8,0.429774,62883.2304
-7.5,-6,0.4781,62887.03344
-2.5,-2,0.358296,62889.00355
-5.5,-4,0.479382,62894.5821
-8.5,-10,0.410824,62896.20115
-8.5,-7.5,0.437976,62897.98607
-8,-6.5,0.463722,62900.08109
1,0,0.184527,62902.28066
6,2,0.01026,62902.48835
0,-0.5,0.233597,62905.91735
2,0.5,0.129607,62906.864
-3.5,-2.5,0.397007,62907.50341
-5,-3.5,0.460248,62909.73136
4.5,1.5,0.030013,62910.60877
-1,-1,0.2777,62911.0003
-8.5,-7,0.449442,62916.6192
3,1,0.073097,62917.39777
-9,-9,0.419634,62918.29964
-2,-1.5,0.31853,62918.6291
-9,-8.5,0.424024,62918.69299
-7,-5,0.492954,62921.25987
-7.5,-5.5,0.488742,62922.08738
7,2.5,0.004449,62923.12169
-9,-9.5,0.415485,62923.81726
-9,-8,0.429729,62924.64873
5.5,2,0.010151,62924.73759
-6.5,-4.5,0.489964,62925.60896
-4.5,-3,0.432204,62926.60728
-8,-6,0.478047,62927.62346
-3,-2,0.358186,62930.33057
-6,-4,0.479382,62934.06699
-9,-10,0.410805,62934.20778
-9,-7.5,0.437924,62935.21267
-8.5,-6.5,0.463663,62936.98541
4,1.5,0.029691,62939.22244
0.5,0,0.184266,62940.81873
1.5,0.5,0.129433,62942.27414
-0.5,-0.5,0.233596,62942.31938
-4,-2.5,0.397004,62943.53948
-1.5,-1,0.277601,62944.89562
-5.5,-3.5,0.460248,62945.26906
6.5,2.5,0.004237,62945.54641
2.5,1,0.073089,62946.6265
-9,-7,0.449413,62949.04546
5,2,0.010242,62950.41633
-9.5,-9,0.419634,62950.58975
-9.5,-8.5,0.424024,62950.70885
-2.5,-1.5,0.318403,62951.11588
-7.5,-5,0.492996,62953.11793
-8,-5.5,0.488732,62953.3536
6,2.5,0.004123,62954.35713
3.5,1.5,0.029816,62954.4501
-9.5,-9.5,0.415485,62954.53961
-9.5,-8,0.429729,62954.98113
-7,-4.5,0.489988,62956.19868
-5,-3,0.432189,62956.82218
-8.5,-6,0.478015,62957.27217
-3.5,-2,0.358139,62959.41979
7,3,0.00241,62959.81512
-9.5,-10,0.410805,62961.78313
-6.5,-4,0.479363,62962.03816
5.5,2.5,0.004163,62962.53778
-9.5,-7.5,0.437865,62962.62968
-9,-6.5,0.463616,62963.88795
4.5,2,0.010206,62964.97189
1,0.5,0.129128,62967.20452
-1,-0.5,0.233579,62967.80138
-4.5,-2.5,0.396968,62968.54491
0,0,0.184293,62968.86998
2,1,0.072949,62969.08878
-2,-1,0.277528,62969.13184
-6,-3.5,0.460188,62969.77602
3,1.5,0.030048,62970.7736
-9.5,-7,0.449357,62972.34083
6.5,3,0.002348,62972.79187
-10,-9,0.41959,62973.32886
-10,-8.5,0.423972,62973.46252
-3,-1.5,0.318356,62973.99981
6,3,0.002331,62974.06901
-8,-5,0.492996,62975.55598
-8.5,-5.5,0.488732,62975.72182
5.5,3,0.002399,62975.97372
-10,-9.5,0.415449,62976.07396
-10,-8,0.429672,62976.48765
5,2.5,0.004198,62977.63335
-7.5,-4.5,0.489988,62977.7353
-5.5,-3,0.432138,62977.98993
4,2,0.010124,62978.04855
-9,-6,0.478015,62978.24809
-4,-2,0.357985,62979.86601
-10,-10,0.410776,62981.16949
-7,-4,0.47936,62981.85664
-10,-7.5,0.437866,62981.85806
-9.5,-6.5,0.463616,62982.78581
3.5,2,0.010194,62982.99939
4.5,2.5,0.00421,62983.73099
2.5,1.5,0.030215,62984.71135
-1.5,-0.5,0.233546,62985.11048
7.5,3.5,0.001155,62985.1188
-5,-2.5,0.396672,62986.38302
-0.5,0,0.184363,62986.41786
1.5,1,0.072894,62986.48069
-2.5,-1,0.277531,62986.73189
0.5,0.5,0.129078,62987.25125
-6.5,-3.5,0.460188,62987.30188
5,3,0.002409,62987.58222
-10,-7,0.449357,62988.77789
7.5,4,0.000553,62988.79214
7.5,4.5,0.000424,62990.0306
-3.5,-1.5,0.318285,62990.14071
7.5,5,0.00041,62990.39827
7.5,5.5,0.00125,62990.47185
7.5,6,0.000092,62990.47935
7.5,6.5,0,62990.47965
7.5,7,0,62990.47965
7.5,7.5,0,62990.47965
7.5,8,0,62990.47965
4.5,3,0.002434,62990.48585
4,2.5,0.004201,62991.14433
-8.5,-5,0.492996,62991.40077
3,2,0.010297,62991.40217
-9,-5.5,0.488732,62991.52306
-8,-4.5,0.489988,62992.92832
-6,-3,0.431823,62993.01906
3.5,2.5,0.00422,62993.1615
-9.5,-6,0.478015,62993.30593
-4.5,-2,0.357929,62994.35928
-7.5,-4,0.479049,62995.82204
4,3,0.002448,62995.95437
2,1.5,0.030216,62996.19129
-10,-6.5,0.463616,62996.50485
3.5,3,0.002452,62996.78121
-2,-0.5,0.233519,62997.52683
1,1,0.07279,62998.39661
-1,0,0.184368,62998.614
3,2.5,0.004249,62998.83897
-5.5,-2.5,0.396672,62998.89773
-3,-1,0.277499,62999.18262
2.5,2,0.01038,62999.53482
-7,-3.5,0.459872,62999.61797
0,0.5,0.129126,63001.00936
-4,-1.5,0.318282,63001.61834
3,3,0.002459,63001.70632
-9,-5,0.49272,63002.5736
-9.5,-5.5,0.488483,63002.6584
-6.5,-3,0.431823,63003.60554
-8.5,-4.5,0.48969,63003.65097
-10,-6,0.477796,63003.92075
-5,-2,0.357923,63004.54619
2.5,2.5,0.004274,63004.92878
1.5,1.5,0.030212,63005.31874
-8,-4,0.479049,63005.63115
2,2,0.010391,63006.7461
-2.5,-0.5,0.233486,63006.80455
-1.5,0,0.184363,63006.9905
2.5,3,0.002466,63007.00982
-6,-2.5,0.396672,63007.72407
-3.5,-1,0.277504,63007.99461
-7.5,-3.5,0.459871,63008.26953
-0.5,0.5,0.129169,63009.00081
0.5,1,0.072801,63009.08836
-4.5,-1.5,0.318277,63009.73047
-9.5,-5,0.49272,63010.45172
-10,-5.5,0.488483,63010.5142
2,2.5,0.004277,63010.62096
-7,-3,0.431823,63011.09057
-9,-4.5,0.489691,63011.14397
1,1.5,0.030201,63011.67104
-5.5,-2,0.357924,63011.71894
2,3,0.002467,63012.12282
1.5,2,0.010391,63012.44773
-8.5,-4,0.479049,63012.52975
-2,0,0.184344,63013.06644
-3,-0.5,0.233489,63013.40466
-6.5,-2.5,0.396672,63013.99571
-4,-1,0.277509,63014.23982
-8,-3.5,0.459872,63014.38816
-1,0.5,0.129178,63014.74783
1.5,2.5,0.004277,63014.97726
-5,-1.5,0.318273,63015.38849
-10,-5,0.492719,63015.94307
1.5,3,0.002467,63015.9452
-7.5,-3,0.431823,63016.38326
-9.5,-4.5,0.48969,63016.42756
0,1,0.072821,63016.44961
1,2,0.010391,63016.65537
-6,-2,0.357923,63016.80027
-9,-4,0.479049,63017.40806
-2.5,0,0.184315,63017.78418
-3.5,-0.5,0.233499,63018.04766
-1.5,0.5,0.129188,63018.3237
1,2.5,0.004277,63018.42068
-7,-2.5,0.396672,63018.43824
0.5,1.5,0.030203,63018.50695
-4.5,-1,0.277514,63018.65239
-8.5,-3.5,0.45987,63018.71561
1,3,0.002467,63019.09829
-5.5,-1.5,0.318272,63019.38965
-0.5,1,0.072837,63019.9311
-8,-3,0.431822,63020.12616
-10,-4.5,0.489692,63020.16473
-6.5,-2,0.357923,63020.42073
-9.5,-4,0.47905,63020.85759
-2,0.5,0.129191,63021.07886
-3,0,0.184324,63021.16046
-4,-0.5,0.233513,63021.3594
-7.5,-2.5,0.396675,63021.57939
-5,-1,0.277514,63021.70781
-9,-3.5,0.459871,63021.77557
0.5,2,0.010391,63022.05854
-6,-1.5,0.318271,63022.25216
-1,1,0.072848,63022.43994
-8.5,-3,0.431821,63022.77322
-7,-2,0.357924,63022.98159
0,1.5,0.030208,63023.02445
-10,-4,0.479048,63023.2974
0.5,2.5,0.004277,63023.31132
-2.5,0.5,0.129191,63023.45778
-3.5,0,0.184336,63023.54321
-4.5,-0.5,0.233519,63023.71713
-1.5,1,0.072861,63023.72754
0.5,3,0.002467,63023.7907
-8,-2.5,0.396671,63023.80065
-5.5,-1,0.277513,63023.89148
-9.5,-3.5,0.459872,63023.93924
-6.5,-1.5,0.318273,63024.27622
-9,-3,0.431829,63024.6449
-0.5,1.5,0.030211,63024.6534
-7.5,-2,0.357919,63024.79223
-2,1,0.072875,63024.88591
-3,0.5,0.129197,63025.16556
-4,0,0.184338,63025.26702
-5,-0.5,0.233518,63025.31231
-8.5,-2.5,0.396676,63025.37154
-6,-1,0.277513,63025.43562
-10,-3.5,0.459878,63025.46953
0,2,0.010391,63025.51874
-7,-1.5,0.318271,63025.70786
-1,1.5,0.030215,63025.73178
-9.5,-3,0.431825,63025.96832
-1.5,1.5,0.03022,63026.03709
-8,-2,0.357924,63026.07258
-2.5,1,0.07288,63026.17346
-3.5,0.5,0.129201,63026.39606
0,2.5,0.004277,63026.40309
-5.5,-0.5,0.233526,63026.44035
-0.5,2,0.010392,63026.44322
-9,-2.5,0.396657,63026.48226
-4.5,0,0.18434,63026.49077
-2,1.5,0.030225,63026.51255
-6.5,-1,0.277521,63026.52745
-7.5,-1.5,0.318284,63026.72006
0,3,0.002466,63026.74209
-10,-3,0.431835,63026.90431
-1.5,2,0.010393,63026.90774
-8.5,-2,0.357911,63026.97804
-1,2,0.010393,63026.97967
-0.5,2.5,0.004277,63027.07242
-3,1,0.072885,63027.08536
-2,2,0.010394,63027.13141
-1.5,2.5,0.004276,63027.2162
-6,-0.5,0.233512,63027.23802
-9.5,-2.5,0.396635,63027.2676
-5,0,0.184334,63027.27365
-4,0.5,0.129204,63027.2896
-7,-1,0.277502,63027.2997
-0.5,3,0.002466,63027.31255
-1.5,3,0.002465,63027.33532
-2.5,1.5,0.030225,63027.34047
-2,2.5,0.004279,63027.35382
-1,2.5,0.004277,63027.42134
-8,-1.5,0.318269,63027.43581
-2,3,0.002463,63027.4391
-1,3,0.002464,63027.59092
-9,-2,0.357946,63027.61825
-3.5,1,0.072886,63027.76296
-2.5,2,0.010395,63027.78417
-6.5,-0.5,0.233517,63027.80202
-10,-2.5,0.396694,63027.82304
-5.5,0,0.184337,63027.82727
-7.5,-1,0.277515,63027.84569
-3,1.5,0.030224,63027.91353
-4.5,0.5,0.129192,63027.92153
-2.5,2.5,0.00428,63027.94149
-8.5,-1.5,0.318314,63027.94198
-2.5,3,0.002468,63028.0018
-9.5,-2,0.357932,63028.07091
-7,-0.5,0.233528,63028.20094
-6,0,0.184334,63028.21874
-3,2,0.010388,63028.22773
-8,-1,0.277528,63028.23177
-4,1,0.072871,63028.25617
-5,0.5,0.129181,63028.28559
-9,-1.5,0.318172,63028.29986
-3,2.5,0.004271,63028.33901
-3.5,1.5,0.030226,63028.34874
-3,3,0.002462,63028.38165
-10,-2,0.357959,63028.39106
-7.5,-0.5,0.233456,63028.48297
-6.5,0,0.184317,63028.49554
-8.5,-1,0.277462,63028.5048
-5.5,0.5,0.129205,63028.54282
-9.5,-1.5,0.318098,63028.55291
-3.5,2,0.010374,63028.57093
-4.5,1,0.072877,63028.60501
-3.5,2.5,0.00426,63028.64962
-4,1.5,0.030234,63028.67039
-3.5,3,0.002545,63028.67977
-8,-0.5,0.233611,63028.6824
-7,0,0.18434,63028.69131
-9,-1,0.277666,63028.69784
-6,0.5,0.129195,63028.72472
-10,-1.5,0.31832,63028.73187
-5,1,0.072902,63028.76897
-8.5,-0.5,0.234036,63028.82344
-4,2,0.01039,63028.8275
-7.5,0,0.184223,63028.82972
-9.5,-1,0.277694,63028.83433
-6.5,0.5,0.12937,63028.85334
-4,2.5,0.004291,63028.88314
-5.5,1,0.072841,63028.88463
-4.5,1.5,0.030212,63028.89791
-4,3,0.002432,63028.90446
-9,-0.5,0.233427,63028.92315
-8,0,0.184616,63028.9276
-10,-1,0.278701,63028.93086
-7,0.5,0.129416,63028.9443
-6,1,0.073013,63028.96642
-5,1.5,0.030247,63028.97609
-9.5,-0.5,0.233357,63028.99366
-8.5,0,0.18549,63028.99681
-7.5,0.5,0.12946,63029.00862
-4.5,2,0.010461,63029.00901
-6.5,1,0.072932,63029.02425
-5.5,1.5,0.030135,63029.03109
-10,-0.5,0.233135,63029.04352
-9,0,0.185412,63029.04575
-4.5,2.5,0.004196,63029.04835
-8,0.5,0.128726,63029.0541
-5,2,0.010417,63029.05465
-4.5,3,0.002331,63029.06343
-7,1,0.073343,63029.06515
-6,1.5,0.030162,63029.06998
-9.5,0,0.180083,63029.08035
-5,2.5,0.004463,63029.08247
-8.5,0.5,0.127788,63029.08626
-5.5,2,0.010139,63029.08664
-5,3,-0.001163,63029.09313
-7.5,1,0.072801,63029.09407
-6.5,1.5,0.031013,63029.09748
-10,0,0.187834,63029.10482
-5.5,2.5,0.0048,63029.10631
-9,0.5,0.129225,63029.109
-6,2,0.010265,63029.10926
-5.5,3,0.001109,63029.11385
-8,1,0.073038,63029.11452
-7,1.5,0.029146,63029.11693
-6,2.5,0.007211,63029.12317
-9.5,0.5,0.122318,63029.12507
-6.5,2,0.010498,63029.12526
-6,3,0.001479,63029.1285
-8.5,1,0.069868,63029.12898
-7.5,1.5,0.03242,63029.13069
-6.5,2.5,0.000364,63029.13509
-10,0.5,0.158444,63029.13644
-7,2,0.012472,63029.13657
-6.5,3,0.001114,63029.13886
-9,1,0.07216,63029.13921
-8,1.5,0.031274,63029.14041
-7,2.5,0.001478,63029.14353
-7.5,2,0.007177,63029.14457
-7,3,0.000685,63029.14619
-9.5,1,0.067906,63029.14644
-8.5,1.5,0.027588,63029.14729
-7.5,2.5,0.000662,63029.14949
-8,2,0.001741,63029.15023
-7.5,3,0.010787,63029.15138
-10,1,-0.016785,63029.15155
-9,1.5,Inf,63029.15215
-8,2.5,0.002638,63029.15371
-8.5,2,0.004218,63029.15423
-8,3,0.000333,63029.15504
-9.5,1.5,Inf,63029.15559
-8.5,2.5,-0.000198,63029.15669
-9,2,0.002151,63029.15706
-8.5,3,0.000156,63029.15764
-10,1.5,-0.008125,63029.15802
-9,2.5,0.000593,63029.1588
-9.5,2,0.001517,63029.15906
-9,3,0.000098,63029.15947
-9.5,2.5,0.000034,63029.16029
-10,2,-0.000131,63029.16048
-9.5,3,0.000051,63029.16076
-10,2.5,0.000037,63029.16135
-10,3,0.000058,63029.16168
7,3.5,0.00087,63071.38405
7,4,0.000499,63074.44641
7,4.5,0.000417,63075.58957
7,5,0.000409,63075.95371
7,5.5,0.000396,63076.02849
7,6,Inf,63076.03619
7,6.5,0,63076.03649
7,7,0,63076.0365
7,7.5,0,63076.0365
7,8,0,63076.0365
6.5,3.5,0.000733,63095.02141
5.5,3.5,0.000629,63095.49234
5,3.5,0.000617,63096.16133
5.5,4,0.000475,63097.28766
5,4,0.000475,63097.50235
6.5,4,0.000482,63097.56695
5.5,4.5,0.000437,63098.02018
5,4.5,0.000437,63098.03344
5,5,0.000437,63098.2047
5,5.5,0.000252,63098.2401
5,6,0.000001,63098.24381
5,6.5,0,63098.24396
5,7,0,63098.24396
5,7.5,0,63098.24396
5,8,0,63098.24396
5.5,5,0.000434,63098.26088
5.5,5.5,0.000654,63098.31095
5.5,6,-0.000005,63098.31619
5.5,6.5,0,63098.31641
5.5,7,0,63098.31641
5.5,7.5,0,63098.31641
5.5,8,0,63098.31641
6.5,4.5,0.000423,63098.55923
6.5,5,0.000419,63098.87563
6.5,5.5,0.000401,63098.93925
6.5,6,-0.000017,63098.94563
6.5,6.5,0,63098.94587
6.5,7,Inf,63098.94588
6.5,7.5,0,63098.94588
6.5,8,0,63098.94588
6,3.5,0.000663,63101.00985
4.5,3.5,0.000618,63101.89274
4.5,4,0.000478,63102.84912
4.5,4.5,0.000439,63103.22029
4.5,5,0.000435,63103.33762
4.5,5.5,0.000419,63103.36169
4.5,6,-0.000004,63103.36421
4.5,6.5,0,63103.36431
4.5,7,0,63103.36431
4.5,7.5,0,63103.36431
4.5,8,0,63103.36431
6,4,0.000481,63103.67384
6,4.5,0.000437,63104.83708
6,5,0.000435,63105.22497
6,5.5,0.000658,63105.30116
6,6,-0.000026,63105.30888
6,6.5,0,63105.30918
6,7,0,63105.30919
6,7.5,0,63105.30919
6,8,0,63105.30919
4,3.5,0.000615,63108.14913
3,3.5,0.000606,63108.27771
3,4,0.000474,63108.62959
3.5,3.5,0.00061,63108.70292
3,4.5,0.000437,63108.78881
3,5,0.000422,63108.84399
3,5.5,0.000371,63108.85559
3,6,-0.000001,63108.85679
3,6.5,0,63108.85684
3,7,0,63108.85684
3,7.5,0,63108.85684
3,8,0,63108.85684
4,4,0.000477,63109.00311
2.5,3.5,0.000606,63109.01044
2.5,4,0.000474,63109.29344
3.5,4,0.000475,63109.31112
4,4.5,0.000438,63109.36283
2.5,4.5,0.000438,63109.41284
2.5,5,0.000599,63109.45249
2.5,5.5,-0.000861,63109.46072
2.5,6,0,63109.46157
2.5,6.5,0,63109.4616
2.5,7,0,63109.4616
2.5,7.5,0,63109.4616
2.5,8,0,63109.4616
4,5,0.000438,63109.48084
4,5.5,0.000424,63109.50511
4,6,-0.000023,63109.5076
4,6.5,0,63109.5077
4,7,0,63109.5077
4,7.5,0,63109.5077
4,8,0,63109.5077
3.5,4.5,0.000438,63109.56035
3.5,5,0.000461,63109.64038
3.5,5.5,Inf,63109.65678
3.5,6,0,63109.65848
3.5,6.5,0,63109.65854
3.5,7,0,63109.65855
3.5,7.5,0,63109.65855
3.5,8,0,63109.65855
2,3.5,0.000606,63112.76178
2,4,0.000473,63112.96312
2,4.5,0.000437,63113.04766
2,5,0.000567,63113.0757
2,5.5,0.000078,63113.08152
2,6,0,63113.08212
2,6.5,0,63113.08214
2,7,0,63113.08214
2,7.5,0,63113.08214
2,8,0,63113.08214
1.5,3.5,0.000606,63115.31566
1.5,4,0.000473,63115.4561
1.5,4.5,0.000438,63115.51576
1.5,5,0.000275,63115.5356
1.5,5.5,0.000115,63115.53972
1.5,6,0.000001,63115.54014
1.5,6.5,0,63115.54016
1.5,7,0,63115.54016
1.5,7.5,0,63115.54016
1.5,8,0,63115.54016
1,3.5,0.000606,63115.71332
1,4,0.000474,63115.81265
1,4.5,0.000439,63115.85484
1,5,0.000401,63115.86887
1,5.5,0.000021,63115.87178
1,6,0,63115.87208
1,6.5,0,63115.87209
1,7,0,63115.87209
1,7.5,0,63115.87209
1,8,0,63115.87209
0.5,3.5,0.000606,63116.17466
0.5,4,0.000474,63116.24492
0.5,4.5,0.000463,63116.27476
0.5,5,0.000911,63116.28468
0.5,5.5,-0.000005,63116.28674
0.5,6,0,63116.28695
0.5,6.5,0,63116.28696
0.5,7,0,63116.28696
0.5,7.5,0,63116.28696
0.5,8,0,63116.28696
0,3.5,0.000606,63118.66442
0,4,0.000473,63118.7141
0,4.5,0.000462,63118.73521
0,5,0.000194,63118.74222
0,5.5,0.000009,63118.74368
0,6,0,63118.74383
0,6.5,0,63118.74383
0,7,0,63118.74383
0,7.5,0,63118.74383
0,8,0,63118.74383
-1,3.5,0.000605,63119.46462
-1,4,0.000474,63119.48945
-1,4.5,0.000477,63119.5
-1,5,0.000062,63119.50351
-1,5.5,0.000002,63119.50424
-1,6,0,63119.50431
-1,6.5,0,63119.50432
-1,7,0,63119.50432
-1,7.5,0,63119.50432
-1,8,0,63119.50432
-0.5,3.5,0.000605,63119.978
-0.5,4,0.000469,63120.01313
-0.5,4.5,0.000449,63120.02806
-0.5,5,Inf,63120.03302
-0.5,5.5,0.000003,63120.03405
-0.5,6,0,63120.03415
-0.5,6.5,0,63120.03416
-0.5,7,0,63120.03416
-0.5,7.5,0,63120.03416
-0.5,8,0,63120.03416
-1.5,3.5,0.000603,63120.21538
-1.5,4,0.000475,63120.23296
-1.5,4.5,0.00032,63120.24042
-1.5,5,0.000066,63120.2429
-1.5,5.5,0.000001,63120.24341
-1.5,6,0,63120.24347
-1.5,6.5,0,63120.24347
-1.5,7,0,63120.24347
-1.5,7.5,0,63120.24347
-1.5,8,0,63120.24347
-2,3.5,0.000606,63121.40517
-2,4,0.000459,63121.4176
-2,4.5,0.000401,63121.42287
-2,5,-0.000217,63121.42463
-2,5.5,-0.000001,63121.42499
-2,6,0,63121.42503
-2,6.5,0,63121.42503
-2,7,0,63121.42503
-2,7.5,0,63121.42503
-2,8,0,63121.42503
-2.5,3.5,0.000608,63121.98306
-2.5,4,0.000396,63121.99185
-2.5,4.5,0.000054,63121.99558
-2.5,5,0.000041,63121.99682
-2.5,5.5,0,63121.99707
-2.5,6,0,63121.9971
-2.5,6.5,0,63121.9971
-2.5,7,0,63121.9971
-2.5,7.5,0,63121.9971
-2.5,8,0,63121.9971
-3,3.5,0.000624,63122.29802
-3,4,-0.000217,63122.30423
-3,4.5,-0.000494,63122.30687
-3,5,-0.000007,63122.30775
-3,5.5,0,63122.30793
-3,6,0,63122.30795
-3,6.5,0,63122.30795
-3,7,0,63122.30795
-3,7.5,0,63122.30795
-3,8,0,63122.30795
-3.5,3.5,0.00059,63122.59811
-3.5,4,0.000398,63122.6025
-3.5,4.5,-0.00007,63122.60436
-3.5,5,-0.000002,63122.60498
-3.5,5.5,0,63122.60511
-3.5,6,0,63122.60513
-3.5,6.5,0,63122.60513
-3.5,7,0,63122.60513
-3.5,7.5,0,63122.60513
-3.5,8,0,63122.60513
-4,3.5,0.000778,63122.70093
-4,4,0.000705,63122.70403
-4,4.5,-0.000043,63122.70535
-4,5,-0.000001,63122.70579
-4,5.5,0,63122.70588
-4,6,0,63122.70589
-4,6.5,0,63122.70589
-4,7,0,63122.70589
-4,7.5,0,63122.70589
-4,8,0,63122.70589
-4.5,3.5,0.001457,63122.7359
-4.5,4,0.000125,63122.7381
-4.5,4.5,0.000017,63122.73903
-4.5,5,0.000001,63122.73934
-4.5,5.5,0,63122.73941
-4.5,6,0,63122.73941
-4.5,6.5,0,63122.73941
-4.5,7,0,63122.73941
-4.5,7.5,0,63122.73941
-4.5,8,0,63122.73941
-5,3.5,0.000633,63122.82829
-5,4,-0.00027,63122.82985
-5,4.5,-0.0001,63122.8305
-5,5,-0.000003,63122.83072
-5,5.5,0,63122.83077
-5,6,0,63122.83077
-5,6.5,0,63122.83077
-5,7,0,63122.83077
-5,7.5,0,63122.83077
-5,8,0,63122.83077
-5.5,3.5,0.000558,63122.89365
-5.5,4,-0.000341,63122.89475
-5.5,4.5,-0.000007,63122.89522
-5.5,5,0,63122.89537
-5.5,5.5,0,63122.8954
-5.5,6,0,63122.89541
-5.5,6.5,0,63122.89541
-5.5,7,0,63122.89541
-5.5,7.5,0,63122.89541
-5.5,8,0,63122.89541
-6,3.5,0.000149,63122.93988
-6,4,-0.000023,63122.94066
-6,4.5,-0.000002,63122.94099
-6,5,0,63122.9411
-6,5.5,0,63122.94112
-6,6,0,63122.94113
-6,6.5,0,63122.94113
-6,7,0,63122.94113
-6,7.5,0,63122.94113
-6,8,0,63122.94113
-6.5,3.5,0.000352,63122.97258
-6.5,4,0.000007,63122.97313
-6.5,4.5,0.000001,63122.97336
-6.5,5,0,63122.97344
-6.5,5.5,0,63122.97346
-6.5,6,0,63122.97346
-6.5,6.5,0,63122.97346
-6.5,7,0,63122.97346
-6.5,7.5,0,63122.97346
-6.5,8,0,63122.97346
-7,3.5,0.000009,63122.99571
-7,4,-0.000032,63122.9961
-7,4.5,-0.000003,63122.99626
-7,5,0,63122.99632
-7,5.5,0,63122.99633
-7,6,0,63122.99633
-7,6.5,0,63122.99633
-7,7,0,63122.99633
-7,7.5,0,63122.99633
-7,8,0,63122.99633
-7.5,3.5,-0.000028,63123.01206
-7.5,4,0.000008,63123.01234
-7.5,4.5,0.000001,63123.01245
-7.5,5,0,63123.01249
-7.5,5.5,0,63123.0125
-7.5,6,0,63123.0125
-7.5,6.5,0,63123.0125
-7.5,7,0,63123.0125
-7.5,7.5,0,63123.0125
-7.5,8,0,63123.0125
-8,3.5,-0.000017,63123.02363
-8,4,0.000001,63123.02382
-8,4.5,0,63123.0239
-8,5,0,63123.02393
-8,5.5,0,63123.02394
-8,6,0,63123.02394
-8,6.5,0,63123.02394
-8,7,0,63123.02394
-8,7.5,0,63123.02394
-8,8,0,63123.02394
-8.5,3.5,0.000009,63123.03181
-8.5,4,-0.000001,63123.03194
-8.5,4.5,0,63123.032
-8.5,5,0,63123.03202
-8.5,5.5,0,63123.03202
-8.5,6,0,63123.03202
-8.5,6.5,0,63123.03202
-8.5,7,0,63123.03202
-8.5,7.5,0,63123.03202
-8.5,8,0,63123.03202
-9,3.5,0.000003,63123.03759
-9,4,0.000001,63123.03769
-9,4.5,0,63123.03773
-9,5,0,63123.03774
-9,5.5,0,63123.03774
-9,6,0,63123.03774
-9,6.5,0,63123.03774
-9,7,0,63123.03774
-9,7.5,0,63123.03774
-9,8,0,63123.03774
-9.5,3.5,-0.000002,63123.04168
-9.5,4,0,63123.04175
-9.5,4.5,0,63123.04177
-9.5,5,0,63123.04178
-9.5,5.5,0,63123.04179
-9.5,6,0,63123.04179
-9.5,6.5,0,63123.04179
-9.5,7,0,63123.04179
-9.5,7.5,0,63123.04179
-9.5,8,0,63123.04179
-10,3.5,0.000003,63123.04457
-10,4,0,63123.04462
-10,4.5,0,63123.04464
-10,5,0,63123.04464
-10,5.5,0,63123.04465
-10,6,0,63123.04465
-10,6.5,0,63123.04465
-10,7,0,63123.04465
-10,7.5,0,63123.04465
-10,8,0,63123.04465
