0,87,19.4,19.6,19.4,1.2,2.5,1008.2
1,85,19.4,19.5,19.3,0.2,1.2,1008.2
2,87,19.3,19.4,19.2,0,0.9,1007.7
3,88,18.9,19.2,18.9,0,0.9,1007.2
4,88,18.7,18.9,18.6,0,0.7,1007.2
5,89,18.6,18.7,18.5,0,2.2,1007.5
6,89,18.6,18.7,18.4,0,1.1,1008.2
7,89,19.1,19.2,18.6,0,1,1008.8
8,83,20.6,20.6,19.2,0,0.7,1009.4
9,75,22.4,22.5,20.7,0,2.1,1010.1
10,65,24.1,24.1,22.3,0,0.1,1010.2
11,63,25,25.4,24.1,0,0.6,1009.7
12,63,24.7,25,24.5,0,1.5,1008.9
13,65,25.2,25.2,24.6,0,1.8,1008.5
14,60,26.3,26.4,25.2,0,2,1008.4
15,60,26.4,26.4,26,0,2.4,1008.2
16,56,27.3,27.4,26.5,0,2.6,1007.9
17,53,27.6,27.7,27,0,2.1,1007.9
18,58,26.8,27.7,26.8,0,2.2,1008
19,62,24.7,26.7,24.7,0,1.2,1008.6
20,74,22.6,24.7,22.6,0,1.4,1009.1
21,82,21.6,22.6,21.6,0,2.1,1009.6
22,85,21.2,21.7,21.2,0,1.4,1010.1
23,84,21.4,21.5,21.1,0,0,1010.1
0,85,21.1,21.5,21,0,1.1,1009.6
1,87,20.7,21.1,20.7,0,1.4,1009.8
2,88,20.3,20.7,20.2,0,0.5,1009.3
3,89,20,20.3,20,0,0.6,1009.3
4,89,20.1,20.1,19.9,0,2.4,1009.6
5,88,19.9,20.2,19.9,0,0.6,1010
6,88,20,20,19.9,0,1.6,1010.5
7,84,20.9,20.9,20,0,2,1011
8,75,23,23,21,0,2.1,1011.1
9,63,24.9,24.9,23.1,0,1.3,1011.3
10,46,27.3,27.4,24.9,0,1,1011.1
11,43,29,29.3,27.3,0,0.8,1010.9
12,36,30.5,30.6,28.7,0,0.9,1010
13,29,31,31.2,30.5,0,2.9,1009.3
14,21,31.4,31.8,30.9,0,2.3,1008.8
15,20,31,31.7,30.9,0,2.3,1008.3
16,26,30.8,31.4,30.8,0,1.4,1008.3
17,31,30.1,30.8,30.1,0,0.4,1007.9
18,35,29.1,30.1,29.1,0,2.1,1007.7
19,51,27.4,29.1,27.4,0,2.1,1008.2
20,52,26.3,27.3,26.3,0,3.4,1008.6
21,57,25.5,26.2,25.5,0,2.7,1008.6
22,54,25.1,25.5,25.1,0,2.6,1008.8
23,55,24.7,25.1,24.7,0,3.1,1009
0,58,23.8,24.7,23.8,0,2.7,1009
1,62,23.1,23.9,23.1,0,1,1009.1
2,67,22.2,23.1,22.2,0,1.3,1009
3,71,21.5,22.5,21.5,0,1.5,1008.8
4,70,21.3,21.5,21.3,0,1.7,1008.9
5,75,20.5,21.3,20.5,0,1,1009.1
6,79,20.4,20.5,20.2,0,1.4,1009.3
7,73,21.9,21.9,20.4,0,1.5,1009.4
8,65,23.7,23.7,21.9,0,2,1009.4
9,55,26.3,26.3,23.8,0,1,1009.1
10,50,27.8,27.8,26.3,0,2,1008.7
11,47,28.6,28.6,27.7,0,1.9,1008.2
12,44,29.6,29.6,28.7,0,3.3,1007.6
13,28,30.6,30.7,29.3,0,4.5,1007.1
14,29,31.1,31.1,30.5,0,3.6,1006.4
15,28,31,31.2,30.8,0,4.1,1006
16,27,30.6,31.1,30.5,0,3.8,1005.7
17,29,30,30.6,29.9,0,4.2,1005.4
18,30,29.1,29.9,29.1,0,3.3,1005.4
19,40,27.9,29.1,27.9,0,3,1005.8
20,54,26.6,28,26.6,0,3.4,1006.3
21,59,25.5,26.6,25.5,0,3.2,1006.7
22,62,25,25.5,25,0,2.4,1007
23,69,23.6,25,23.6,0,0.7,1006.8
0,62,23.6,23.9,23.5,0,2,1006.3
1,60,23.7,23.8,23.6,0,2.8,1005.9
2,63,23.2,23.7,23.2,0,1.8,1005.8
3,65,23.3,23.4,23.2,0,3,1005
4,69,22.6,23.3,22.6,0,3.8,1005.3
5,75,22.1,22.6,22.1,0,2.1,1005.4
6,84,20.4,22.1,20.4,1.5,3.4,1006.8
7,88,19.6,20.4,19.6,7.8,1,1006.3
8,86,20.2,20.2,19.5,1.5,0.7,1006.1
9,85,20.4,20.5,20.2,0.2,0.8,1006.6
10,87,20.1,20.4,20.1,3.9,1.7,1006.1
11,88,20.1,20.5,20,6.2,2.5,1005.8
12,89,20.4,20.4,20,4.3,0.2,1005.4
13,89,21,21,20.3,2.6,0.6,1004.9
14,88,21.4,21.4,20.9,1.4,0.3,1004.6
15,87,21.8,21.8,21.4,0.7,0,1004.1
16,88,21.7,21.9,21.7,2.7,0.3,1003.9
17,89,21.8,21.8,21.7,2.6,1.1,1003.3
18,89,22,22.1,21.8,0.1,0.5,1003.4
19,88,21.9,22.1,21.9,0.1,0.9,1003.4
20,89,22,22,21.9,0.2,0,1003.8
21,89,22,22,21.9,0.1,0,1004.5
22,89,21.8,22,21.8,0.9,0.5,1004.3
23,90,21.6,21.8,21.5,0.6,0.4,1004.7
0,90,21.5,21.6,21.5,0.5,1.2,1004
1,90,21.5,21.5,21.5,0.1,2,1003.7
2,90,21.5,21.5,21.5,0.1,1.6,1003.7
3,90,21.5,21.6,21.5,0.1,0.9,1003.9
4,90,21.4,21.5,21.4,0.7,2.2,1003.9
5,91,21.1,21.4,21.1,0.8,3.6,1004.3
6,91,21.2,21.2,21.1,0.4,1.8,1004.9
7,74,21.3,21.3,21.2,0.2,2.3,1005.7
8,91,21.5,21.5,21.3,0.3,1,1005.9
9,90,21.6,21.6,21.5,0.2,0.9,1006.9
10,89,22.1,22.1,21.6,0,0,1007.3
11,89,22,22.2,21.9,0,1.8,1007.6
12,82,23.3,23.4,22,0,2.7,1007.5
13,78,24.2,24.2,23.4,0,2.9,1007.4
14,81,23.4,24.2,23.4,0,3.6,1007
15,82,23.2,23.3,23,0,3.6,1007.1
16,81,23.5,23.5,23.2,0,2.4,1006.9
17,84,23.1,23.5,23.1,0,1.9,1007
18,84,23.1,23.3,23.1,0,0.7,1007.5
19,89,22.4,23.1,22.4,0.3,1.1,1007.5
20,89,22.4,22.5,22.4,0.1,1.8,1007.9
21,89,21.8,22.4,21.8,1.9,2.7,1008.3
22,88,21.3,21.8,21.3,0.8,3.3,1008.6
23,89,20.9,21.2,20.9,0.7,2.9,1008.4
0,89,20.6,20.9,20.6,1.2,2.9,1007.9
1,89,20.4,20.6,20.4,0.5,2.4,1007.5
2,90,20.4,20.4,20.4,0.2,2.4,1006.8
3,89,20.2,20.4,20.2,0.3,3.2,1006.3
4,89,20.1,20.2,20.1,0.1,2.9,1006.1
5,89,20,20.1,20,0.5,3.1,1006.3
6,90,20,20,19.9,2.4,2.1,1006.4
7,90,20,20,19.9,1.7,3.1,1006.5
8,89,20.1,20.1,20,0.3,3.8,1006.4
9,88,20.2,20.2,20.1,0.2,2.8,1006.3
10,88,20.1,20.2,20.1,0.6,2.3,1006.1
11,89,20.4,20.4,20.1,2.1,2.7,1005.4
12,89,20.3,20.5,20.3,2.8,2.8,1005.2
13,89,20.3,20.4,20.2,4.4,2.8,1004.5
14,89,20.4,20.5,20.2,2,1.9,1004.1
15,89,20.5,20.7,20.3,0.7,3.5,1003.7
16,88,20.5,20.7,20.4,0.1,1.6,1003.9
17,89,20.2,20.5,20.2,0.7,2.3,1003.8
18,89,20.3,20.3,20.2,0,1.1,1004
19,88,20.3,20.4,20.2,0,0.9,1004.2
20,89,20.1,20.3,20.1,0,2,1003.9
21,89,20.1,20.1,20.1,0,1.4,1004.1
22,89,20.1,20.1,20.1,0,1.6,1004.3
23,89,20.1,20.1,20.1,0.1,1.5,1004.1
0,89,19.9,20.1,19.9,1,1.5,1003.6
1,90,19.9,20,19.9,1.6,1.3,1003.5
2,90,19.8,19.9,19.8,1.1,1.8,1002.8
3,90,19.7,19.8,19.7,0.2,1.3,1002.8
4,90,19.6,19.7,19.5,0.1,1.9,1002.9
5,90,19.6,19.7,19.6,0,1.4,1002.7
6,90,19.6,19.6,19.5,0.2,0.2,1003
7,90,19.6,19.7,19.6,0.1,1.8,1002.9
8,90,20.1,20.1,19.6,0.6,1.5,1003
9,88,21.1,21.1,20.1,0.1,1.5,1002.8
10,83,22.1,22.3,21.1,0,1.6,1003.2
11,84,22.5,22.5,21.9,0,2.1,1003.4
12,78,23.6,23.7,22.5,0,1.3,1003.2
13,79,23.9,24.5,23.6,0,2.3,1003
14,82,22.5,24.1,22.5,0,3.6,1002.6
15,77,23.5,23.8,22.5,0.1,3,1002.4
16,79,23.5,23.6,23.2,0,2.2,1002.2
17,77,23.6,23.7,23.5,0,2.3,1002.4
18,80,23.1,23.8,23.1,0,2.2,1003
19,83,22.3,23.1,22.3,0,1.6,1003.3
20,85,22.1,22.3,22.1,0,1.7,1003.9
21,86,22,22.1,22,0,1.8,1003.8
22,86,22.1,22.2,22,0,2.2,1004.1
23,87,22,22.1,21.9,0,1.8,1004
0,88,21.5,22,21.5,0,1.7,1003.8
1,89,21,21.5,21,0,0,1003.8
2,90,20.8,21,20.7,0,0.3,1003.6
3,90,20.3,20.8,20.3,0,1,1003.6
4,91,20.4,20.4,20.3,0,1.9,1003.2
5,91,20.5,20.5,20.4,0,1.9,1003.2
6,91,20.9,20.9,20.5,0,1.6,1003.4
7,91,21.6,21.6,21,0,0.7,1003.9
8,91,23,23,21.5,0,0.6,1004.3
9,78,25.7,25.7,23.1,0,2.4,1004.1
10,72,27,27,25.8,0,3.9,1003.9
11,64,28.9,28.9,27,0,3.1,1003.8
12,56,30.5,30.5,29,0,1.7,1003.3
13,52,31.2,31.2,30.6,0,1.9,1002.5
14,53,31.5,31.6,31.2,0,3.9,1001.6
15,46,32.3,32.3,31.5,0,3.5,1001.5
16,47,32.7,32.8,32.3,0,2.6,1001.4
17,50,32.4,32.8,32.4,0,2.3,1001.1
18,54,31.6,32.4,31.6,0,2.1,1001.2
19,59,30.1,31.5,30.1,0,1.1,1001.6
20,74,27.5,30.1,27.5,0,1.7,1001.8
21,75,27.2,27.4,27,0,2,1002.5
22,80,26.5,27.2,26.5,0,0.8,1002.9
23,83,25.9,26.5,25.9,0,0.2,1003
0,87,24.9,25.9,24.9,0,0.5,1002.8
1,89,24.2,24.9,24.2,0,0.7,1002.8
2,90,23.6,24.2,23.6,0,0.8,1002.6
3,90,22.9,23.5,22.9,0,0.4,1002.3
4,90,22.5,22.9,22.5,0,1.2,1003
5,91,22.3,22.5,22.3,0,1.8,1003.5
6,91,22.3,22.3,22,0,1,1004.1
7,90,24.1,24.1,22.3,0,0,1004.6
8,76,26.9,26.9,24.1,0,0,1004.9
9,56,30.1,30.1,27,0,1.5,1004.9
10,50,32.2,32.2,30.1,0,1.2,1004.8
11,47,33.9,33.9,32.3,0,2,1003.9
12,44,34.5,34.6,33.7,0,2.6,1003.3
13,50,34.9,35,34.4,0,2.6,1002.1
14,45,35.2,35.2,34.4,0,1.7,1000.7
15,44,35.5,35.5,34.9,0,2.7,1000.4
16,47,33.8,35.4,33.8,0,2.6,999.9
17,65,28.8,33.8,28.8,0,9.2,1001.5
18,79,26.2,28.6,25.9,0.5,3.6,1001.8
19,88,25,26.1,25,3.3,4.3,1003
20,88,24.5,25,24.5,3.5,1.5,1003.9
21,89,24.5,24.5,24.3,2.8,1.7,1005
22,88,23.4,24.5,23.4,5.7,2.6,1003.8
23,89,23.1,23.4,23.1,0.6,1.7,1002.8
0,88,23.2,23.3,23.1,0,3.8,1001.9
1,86,23.3,23.4,23.2,0,1.7,1001.4
2,86,23.3,23.4,23.3,0,4.4,1000.3
3,87,23.4,23.4,23.3,0,3.7,1000.3
4,88,23.3,23.4,23.3,0,2.6,999.8
5,88,23.4,23.5,23.3,0,1.6,1000.2
6,88,23.7,23.7,23.4,0,3.4,1000.7
7,89,24.1,24.1,23.7,0.2,1.7,1000.4
8,89,24.1,24.3,24.1,0.9,2.1,1001.2
9,89,24.6,24.6,24,3.8,1.4,999.8
10,87,25.4,25.4,24.6,0,0.3,999.6
11,84,26.3,26.3,25.5,0,1.1,999.6
12,82,26.8,26.9,26.3,0,1.9,999.4
13,80,27.6,27.7,26.8,0.1,1.3,998.9
14,86,26,27.6,26,1.9,1.5,999.4
15,87,25.4,26,25.4,3.6,3.4,999.6
16,88,25.4,25.4,25.1,1,0.9,999.4
17,87,25.7,25.7,25.4,0.2,0.4,999.6
18,88,25.5,25.7,25.5,0,0.5,999.9
19,89,25.2,25.5,25.2,0.1,1.3,1000.2
20,90,25.2,25.2,25.1,0,1.5,1000.7
21,90,25.3,25.3,25.3,0,1.3,1001
22,90,25.4,25.4,25.3,0.2,1.9,1001.2
23,90,25.2,25.4,25.2,0.1,3,1001.3
0,89,24.6,25.2,24.6,1.8,3.5,1001.3
1,89,24.3,24.6,24.3,0.5,3.3,1001.5
2,86,24.4,24.4,24.1,0,3.1,1001.4
3,88,24.1,24.4,24.1,0,1.9,1001.8
4,88,23.9,24.1,23.9,0,0.7,1002.3
5,87,23.2,23.9,23.2,0,0.1,1002.8
6,88,22.7,23.2,22.7,0.5,1.8,1003.5
7,88,22.8,22.8,22.7,0.4,1.3,1004.2
8,88,22.7,22.8,22.7,2.5,1.6,1004.8
9,88,22.8,23,22.7,1.3,0.4,1005
10,87,23.3,23.3,22.8,0.5,0.9,1005
11,88,23,23.3,23,1.3,2.4,1005.3
12,87,23.1,23.1,23,2.8,1,1005.3
13,88,23.2,23.2,23,2.3,1.1,1004.4
14,86,23.8,23.9,23.2,1,0.9,1004.6
15,81,24,24,23.8,0.3,0.2,1004.5
16,85,23.5,24.1,23.5,1,1.1,1004.4
17,80,22.5,23.5,22.5,0.7,1.8,1004.6
18,85,21.2,22.5,21.2,3.4,1.1,1004.9
19,88,21.1,21.1,20.8,3.5,1,1005.1
20,89,21.2,21.2,21.1,0.1,1.3,1005.4
21,90,20.9,21.2,20.9,2.2,0.8,1005.8
22,90,21.2,21.2,20.9,0.3,0,1005.3
23,90,21.3,21.4,21.2,0.1,0.2,1004.9
0,90,21.6,21.6,21.3,0,1.5,1004.9
1,90,22,22,21.6,0.1,1.3,1004.3
2,90,22.1,22.1,22,0.3,1.3,1004.3
3,90,22.2,22.2,22.1,0,0.5,1003.7
4,90,22.3,22.3,22.2,0,0,1003.9
5,91,22.2,22.3,22.2,0,0.7,1003.6
6,91,22.4,22.4,22.2,0,0.9,1004.8
7,91,22.5,22.5,22.4,0,0.4,1005.4
8,90,22.9,23,22.5,0,0.7,1006.1
9,89,23.4,23.4,22.9,0,0.6,1006.7
10,86,24,24.3,23.4,0,1.9,1007
11,84,24.5,24.9,24.1,0,1.4,1007.2
12,75,27,27,24.5,0,1.2,1006.6
13,68,28,28,26.9,0,2,1005.7
14,61,28.8,28.9,28,0,1.6,1005.4
15,66,28.7,28.7,28.3,0,2.3,1004.9
16,66,28.7,28.8,28.3,0,2.7,1004.7
17,67,28.3,28.9,28.3,0,3.3,1004.5
18,71,27.3,28.3,27.3,0,2.3,1004.7
19,75,26.6,27.3,26.6,0,2.2,1005.3
20,78,26,26.6,26,0,1.8,1005.5
21,81,25.7,26,25.7,0,1.5,1006.4
22,83,25.3,25.7,25.3,0,2.2,1006.7
23,84,24.9,25.3,24.9,0,1.3,1006.7
0,86,24.7,24.9,24.7,0,1.1,1006.2
1,87,24.5,24.7,24.5,0,0,1006.2
2,89,24.2,24.5,24.2,0,0.6,1006
3,89,24.1,24.2,24.1,0,0.2,1006
4,89,23.9,24.1,23.9,0,1.2,1006.1
5,90,23.8,23.9,23.8,0,1,1006.4
6,90,23.8,23.8,23.7,0.1,0.6,1006.4
7,90,24,24.1,23.8,0,1.3,1007.2
8,90,24.3,24.3,24,0.3,0,1007.7
9,88,24.9,24.9,24.3,0.1,0.5,1007.7
10,84,26,26,24.8,0,1.9,1007.2
11,65,27.6,27.6,26,0,4.9,1007.3
12,64,28,28,27.3,0,2.8,1007.1
13,66,28.2,28.6,28.1,0,4.9,1006.6
14,61,28,28.3,28,0,5.4,1006.4
15,56,27.5,28.1,27.3,0,5.9,1006.3
16,59,27,27.6,26.9,0,4.6,1006.2
17,59,26.6,27,26.4,0,3.8,1006.2
18,61,26.1,26.5,26.1,0,3.7,1006.3
19,66,25.3,26.1,25.3,0,2.4,1007
20,67,25,25.3,25,0,3.1,1007.1
21,71,24.5,25,24.5,0,2.9,1007.8
22,77,23.9,24.5,23.9,0,3.3,1008
23,79,23.4,23.9,23.4,0,1.8,1007.9
0,81,23.1,23.4,23.1,0,1.8,1007.5
1,81,23.1,23.2,23,0,1.8,1006.9
2,82,22.8,23.1,22.8,0,2.7,1006.3
3,86,22.4,22.7,22.4,0.2,1.8,1006.1
4,88,22,22.4,22,0.5,2.3,1006
5,88,21.7,22,21.7,0.5,1.4,1006.7
6,88,21.6,21.8,21.6,1.3,1.7,1006.9
7,88,21.6,21.7,21.5,0.3,1.9,1006.8
8,87,21.8,21.8,21.6,0.1,2.1,1006.7
9,87,21.8,21.9,21.7,0.1,1.5,1007
10,85,22.3,22.3,21.8,0.1,1.7,1007.3
11,87,22.1,22.3,22,2,3.2,1006.8
12,83,20.6,22.2,20.6,6.5,4.4,1006.5
13,88,21.3,21.3,20.5,6.8,3.4,1006.1
14,88,21.1,21.5,21.1,5.3,4.5,1005.7
15,87,20.8,21.2,20.8,1.3,4.9,1005.6
16,87,20.9,21,20.8,0.7,4.3,1005.2
17,86,20.5,20.9,20.5,1.3,3.9,1005.1
18,87,20.2,20.5,20.2,1.7,4.5,1004.7
19,89,19.6,20.2,19.6,2.9,3.1,1005.3
20,89,19.5,19.6,19.5,2,3.7,1004.3
21,88,19.5,19.5,19.3,0.6,3.9,1004.7
22,89,19.7,19.7,19.5,0.6,2.6,1005.2
23,89,19.6,19.8,19.6,2.6,3.5,1005
0,89,19.4,19.6,19.4,4.8,3,1004
1,90,19.3,19.4,19.3,3.4,2.5,1003.2
2,90,19.3,19.3,19.2,1.3,2.9,1002.4
3,90,19.4,19.4,19.3,2,2.4,1002
4,90,19.3,19.4,19.3,7.8,2.7,1002
5,91,19.2,19.3,19.2,16.4,3.9,1001.6
6,90,19.3,19.4,19.2,4.9,3.5,1001.8
7,90,19.2,19.4,19.2,1.6,2.7,1002.5
8,90,19.4,19.4,19.2,2.7,2.9,1002.9
9,90,19.8,19.8,19.4,1.8,1.2,1003
10,90,20,20,19.7,4.3,1.5,1003.3
11,90,20.3,20.4,20,2.5,2.7,1003.2
12,88,20.6,20.6,20.3,0.2,2.1,1003.3
13,87,20.8,20.8,20.6,0,2.3,1003.3
14,87,20.8,20.8,20.6,0,1.5,1003.4
15,85,20.9,20.9,20.7,0,1.4,1003.6
16,84,21.3,21.3,20.9,0,1,1003.3
17,83,21.2,21.3,21.2,0,1.3,1002.9
18,85,21,21.2,21,0.1,1.7,1003.1
19,87,20.6,21,20.6,0.3,0.8,1003.2
20,88,20.5,20.6,20.5,0,0.4,1003.6
21,89,20.5,20.5,20.5,0,0.6,1004.3
22,90,20.4,20.4,20.4,0.2,0,1004.7
23,90,20.3,20.4,20.3,0.4,0.4,1004.8
0,91,20.3,20.4,20.3,0.5,1.2,1004.5
1,91,20,20.3,20,0.2,2.2,1004.3
2,91,19.9,20,19.8,0.2,2.7,1004.4
3,91,19.7,19.9,19.7,0.1,2.1,1003.6
4,91,19.8,19.8,19.7,0,2.9,1004.4
5,90,19.9,19.9,19.8,0,1.5,1005.6
6,90,20.2,20.2,19.9,0,0.2,1005.4
7,90,20.5,20.5,20.2,0,1.5,1006.3
8,87,21.4,21.4,20.5,0,2.6,1006.7
9,82,22,22,21.4,0,1.1,1007.2
10,78,22.9,22.9,22,0,0.5,1007.4
11,76,23.4,23.9,22.8,0,1.2,1007.5
12,71,24.5,24.5,23.4,0,1.4,1007.1
13,69,25.6,25.6,24.3,0,1.3,1006.4
14,67,25.6,26,25.5,0,2.9,1006.1
15,69,25.5,26,25.2,0,2.3,1005.8
16,66,25.8,26.2,25.5,0,2.9,1005.3
17,66,25.4,25.8,25.4,0,2.5,1005.3
18,68,24.7,25.4,24.7,0,2.5,1005.5
19,70,24.5,24.7,24.5,0,1.2,1005.9
20,71,24.2,24.5,24.2,0,2.1,1006.5
21,75,24.2,24.2,24.1,0,1.3,1007.4
22,76,24.3,24.3,24.2,0,2.5,1007.9
23,76,24.2,24.5,24.2,0,2.3,1007.7
0,79,23.6,24.2,23.6,0,2.6,1007.1
1,79,23.3,23.6,23.3,0,2.4,1007.2
2,81,23,23.2,23,0,2.4,1007.4
3,83,22.8,23,22.8,0,2.5,1007.2
4,85,22.6,22.8,22.6,0,2.5,1007.4
5,88,21.8,22.6,21.8,1.4,2.6,1007.1
6,88,21.6,21.8,21.6,0.1,2.4,1007.2
7,87,21.8,21.8,21.6,0,2.2,1007.5
8,86,22,22,21.8,0.2,2.7,1007.9
9,90,21.7,22,21.6,15.9,1.8,1007.5
10,90,22.1,22.1,21.7,3,0.7,1007.8
11,90,23.2,23.2,22.1,2.7,2,1007.4
12,86,24.4,24.4,23.3,0,2,1007.3
13,79,26.1,26.3,24.4,0,3.1,1006.7
14,82,25.4,26.2,25.4,0,3,1006.3
15,82,25.8,25.8,25.4,0,2.7,1005.4
16,87,25.2,25.8,25.1,1,1.9,1005.3
17,89,24.9,25.1,24.9,3.9,1.4,1005.3
18,90,24.8,24.9,24.7,2.9,1.2,1005
19,90,24.7,24.8,24.7,2.5,0.4,1005.7
20,90,24.6,24.7,24.6,2.8,1.5,1005.9
21,91,24.5,24.6,24.5,3.5,0,1006.3
22,91,24.4,24.5,24.4,0.6,0.9,1006.7
23,91,24.2,24.4,24.2,0.2,1.9,1006.1
0,91,24.1,24.2,24.1,0,0,1005.5
1,91,24.2,24.2,24.1,0,1.3,1005.3
2,91,24.2,24.2,24.2,0.1,1.2,1004.7
3,91,24.1,24.2,24.1,0.2,1.2,1003.9
4,91,24.2,24.2,24.1,0,1.9,1003.3
5,91,24.1,24.2,24.1,3.9,1.3,1003.2
6,91,24.1,24.2,24.1,0.1,1.5,1003.2
7,91,24.3,24.3,24.1,0,2.3,1003.2
8,91,24.8,24.8,24.3,0,1.9,1003.2
9,91,25.4,25.4,24.8,0,2.7,1002.8
10,84,27.1,27.2,25.5,0,1.8,1002.4
11,84,26.6,27.2,26.6,0,3.6,1003
12,84,23.4,26.4,23.4,0,7.2,1003
13,86,22.9,23.5,22.9,0.1,3.5,1003.4
14,89,22.5,22.9,22.5,3.9,2.2,1003.8
15,90,22,22.5,22,10.5,3.2,1003.5
16,90,22.2,22.2,22,4.6,1.4,1003.3
17,90,22.3,22.3,22.2,1.9,1.6,1003.2
18,90,22.2,22.3,22.2,2.4,1.5,1003.8
19,90,22.1,22.4,22.1,0.7,1.5,1004.1
20,90,21.8,22.1,21.8,0.5,3.1,1004.5
21,90,21.6,21.8,21.5,0.5,3.2,1005
22,90,21.5,21.6,21.5,0.9,2.5,1004.7
23,90,21.3,21.5,21.3,1.2,2,1004.5
0,90,21.2,21.3,21.1,0.5,2.5,1004.7
1,90,20.8,21.1,20.8,1.2,1.7,1004.8
2,91,20.5,20.8,20.5,7.3,1.7,1004
3,91,20.4,20.6,20.4,7,3.3,1003.2
4,91,20.3,20.5,20.3,10.3,4.7,1003.2
5,91,20.3,20.4,20.2,12.1,2.9,1004.1
6,91,20.4,20.4,20.3,1.1,2.5,1004.5
7,90,20.4,20.5,20.4,0.4,2.4,1005.4
8,90,20.3,20.5,20.3,0.3,2.3,1005.9
9,90,20.5,20.6,20.3,0.1,3.1,1006.4
10,89,20.7,20.7,20.4,0,2,1006.7
11,86,21.2,21.2,20.8,0,3,1006.7
12,84,21.6,21.7,21.2,0,2.1,1006.9
13,81,22.2,22.2,21.6,0,3.3,1006.9
14,81,22.7,22.8,22.2,0,3.1,1006.7
15,78,22.8,22.8,22.2,0,1.9,1006.9
16,74,23.5,23.7,22.8,0,2.3,1006.9
17,75,23.3,23.5,23.3,0,1.1,1006.9
18,76,23.1,23.3,23.1,0,2.5,1006.9
19,79,22.6,23.1,22.6,0,1.1,1007.2
20,81,22.4,22.6,22.3,0,0.4,1007.6
21,82,22.2,22.4,22.2,0,0.2,1008.2
22,86,21.7,22.2,21.7,0,0,1008.6
23,89,21.6,21.7,21.6,0,0.4,1008.5
0,90,20.9,21.6,20.8,0,1.4,1008.4
1,90,20.5,20.9,20.5,0,1.1,1008
2,91,20.3,20.5,20.2,0,1.3,1007.9
3,91,20.4,20.4,20.2,0,1.7,1007.9
4,90,20.6,20.6,20.4,0,1.6,1008.1
5,89,20.6,20.6,20.5,0,1.6,1008.4
6,89,20.7,20.7,20.6,0,1.3,1008.7
7,85,21.5,21.6,20.7,0,2.8,1008.8
8,79,23,23,21.5,0,2.2,1008.6
9,72,23.7,24,23.1,0,3.3,1008.4
10,72,24.4,24.6,23.2,0,3.3,1008.8
11,70,24.2,24.9,24,0,3.6,1008.8
12,73,24.1,24.3,24,0,3.1,1008.4
13,72,24.7,24.7,24.2,0,3.8,1007.9
14,74,24.5,25.3,24.5,0,3.6,1007.7
15,75,24.4,24.6,24.4,0,3.1,1007.3
16,74,24.7,24.8,24.5,0,2.9,1006.9
17,74,24.7,24.9,24.6,0,3,1006.7
18,74,24.2,24.7,24.2,0,3.3,1007.4
19,76,23.7,24.2,23.7,0,3.4,1007.6
20,78,22.9,23.7,22.9,0,3,1007.8
21,82,22.6,22.9,22.6,0,3.4,1008.2
22,84,22.3,22.5,22.3,0,3.1,1008.3
23,86,22.2,22.3,22.2,0,3.1,1008.3
0,86,22.2,22.2,22.2,0,2.5,1007.7
1,87,22.1,22.2,22.1,0,2.2,1007.2
2,87,22.1,22.1,22.1,0,2.7,1006.8
3,87,22.1,22.1,22,0,2.9,1006.5
4,87,22.1,22.1,22,0,2.3,1006.2
5,88,22.1,22.1,22,0,1.3,1006.6
6,88,22.1,22.1,22,0,2.5,1006.3
7,88,22.4,22.4,22,0,1.3,1007.1
8,87,22.6,22.6,22.4,0,1.6,1007.4
9,86,23,23,22.6,0,0.6,1007.9
10,86,23.3,23.3,23,0,2.2,1007.6
11,85,23.7,23.8,23.3,0,2.4,1007.8
12,87,23.7,23.8,23.6,0.1,1.6,1007.5
13,88,24,24,23.7,0.3,1.1,1007.1
14,89,24,24,23.8,0.3,0.5,1006.1
15,88,24.4,24.4,24,0.1,3,1004.9
16,82,26,26,24.5,0,1.6,1004.7
17,82,26.2,26.3,26,0,0.8,1004.6
18,83,26.2,26.3,26.2,0,1.8,1004.7
19,86,25.3,26.2,25.3,0,0.9,1004.5
20,88,25,25.3,25,0,0.5,1004.4
21,90,24.8,25,24.8,0,1.1,1004.9
22,90,24.6,24.8,24.6,0,0.5,1005
23,91,24.7,24.7,24.5,0,0.8,1004.7
0,91,24.5,24.7,24.5,0,0.2,1004.1
1,91,24.5,24.5,24.4,0,0.5,1003.6
2,91,24.7,24.7,24.4,0,1.8,1003
3,90,24.7,24.9,24.6,0,1.4,1002.5
4,91,24.4,24.7,24.4,0,1.7,1002.1
5,91,24.2,24.4,24.2,0,0.6,1002.4
6,91,24.4,24.4,24.1,0,0.5,1002.4
7,90,25.6,25.6,24.4,0,0.5,1002.6
8,76,27.9,27.9,25.6,0,1.8,1002.8
9,74,29.8,29.8,27.9,0,2.4,1003
10,69,30.9,30.9,29.8,0,0.4,1003
11,64,32.4,32.4,31,0,1.1,1002.8
12,62,33.7,33.8,32.1,0,2,1002.5
13,56,33.4,34.5,33.4,0,2.8,1002
14,89,25.2,33.4,24.9,5.9,1.7,1002.2
15,82,27,27.1,25.2,0,1.2,1001.8
16,87,26.4,27,26.3,0,4.1,1002
17,87,26.5,26.6,26.4,0.3,1.1,1002.1
18,89,26.4,26.5,26.4,0.1,3.9,1002
19,88,25.8,26.4,25.8,0,3.4,1002.1
20,88,25.5,25.8,25.5,0,1.2,1002.2
21,89,25.3,25.5,25.3,0,0.3,1003
22,90,25.4,25.4,25.3,0,1,1002.9
23,90,25.4,25.5,25.3,0,0.1,1002.4
0,90,25.3,25.4,25.3,0,0.6,1002
1,90,25.2,25.4,25.2,0,1.2,1001.3
2,90,25.3,25.4,25.2,0,1.8,1000.5
3,83,26.4,26.4,25.3,0,3.1,999.8
4,82,26.2,26.4,26.2,0,2,999.6
5,85,25.4,26.2,25.4,0,1.4,1000
6,85,25.5,25.5,25.1,0,0.9,1000.3
7,81,27.4,27.4,25.5,0,0.5,1000.9
8,79,27.6,27.8,27.4,0,3.1,1001.8
9,74,28.6,28.6,27.6,0.1,3.8,1001.5
10,68,30.8,30.8,28.6,0,3.7,1001.5
11,67,31.2,31.2,30.6,0,3.4,1001.4
12,56,33.2,33.2,31.3,0,0.8,1001
13,55,33.6,34.1,33.2,0,2.2,1000.6
14,58,33.9,33.9,33.4,0,2.2,1000.1
15,54,34,34.4,33.7,0,3.6,999.6
16,52,33.9,34.1,33.6,0,3.9,999.2
17,55,33.8,34,33.3,0,3,999.2
18,57,33.3,33.9,33.3,0,2.7,999.2
19,67,31.5,33.3,31.5,0,0.7,999.5
20,72,30,31.5,30,0,1.2,999.8
21,77,29.8,30.2,29.7,0,0.9,1000.5
22,82,28.7,29.7,28.7,0,1.3,1000.7
23,84,27.9,28.7,27.9,0,1.9,1000.3
0,83,27.9,28,27.8,0,1.5,1000
1,83,27.6,27.9,27.6,0,1.6,999.5
2,82,27.6,27.6,27.4,0,1.1,999.4
3,83,27.3,27.6,27.3,0,0.3,999.5
4,86,26.6,27.4,26.6,0,1.4,999.4
5,86,26.5,26.6,26.5,0,1.1,999.6
6,84,27.6,27.6,26.5,0,1.1,999.8
7,81,28,28,27.4,0,1.3,999.9
8,70,30.4,30.4,28,0,1.1,1000.4
9,67,31.8,31.8,30.4,0,1.6,1000.3
10,64,33.2,33.2,31.8,0,1,1000.3
11,58,34.3,34.3,33.3,0,1.3,1000.1
12,51,35.6,35.6,34.2,0,1.3,999.6
13,57,34.2,35.8,34.2,0,2.7,998.9
14,70,27.6,34.1,27.5,0,5.3,1000.1
15,84,25.1,27.8,25.1,0.4,4.8,1000.7
16,89,24.7,25.1,24.6,0,5.3,1000.8
17,88,24.7,25,24.7,0.6,4.3,1002.2
18,86,25,25,24.7,0.2,3.4,1002.1
19,86,25.1,25.1,24.9,0,2.6,1002.7
20,86,24.9,25.1,24.9,0,4.8,1003.5
21,87,24.9,24.9,24.9,0,4,1003.9
22,87,24.9,25,24.9,0,1.5,1003.6
23,86,25.5,25.5,24.9,0,2.7,1003.2
0,86,25.8,25.8,25.5,0,3.2,1003
1,83,25.6,25.8,25.6,0,4.3,1002.6
2,84,25.5,25.7,25.5,0,2.6,1001.8
3,84,25.6,25.6,25.5,0,3.2,1001.3
4,86,25.3,25.6,25.3,0,4.4,1001.3
5,87,25.1,25.3,25.1,0,3.9,1001
6,89,24.9,25.1,24.9,0,3.7,1000.8
7,89,24.8,24.9,24.7,0,4.5,1000.7
8,90,24.9,24.9,24.8,0.2,3.2,1000.8
9,87,25.5,25.5,25,0.1,4.2,1000.3
10,80,27.3,27.4,25.5,0,4.7,999.6
11,80,26.8,27.3,26.3,0,4.7,999.2
12,82,25.8,26.7,25.8,0.1,6.7,998.5
13,85,25.1,25.9,25,0,6,998.3
14,80,25.8,26.2,25.1,0,6.7,997.9
15,84,24.2,25.9,24.2,0.2,7,997.7
16,87,23.5,24.1,23.5,0.5,5.9,997.4
17,86,22.4,23.5,22.4,0.5,8.3,997.4
18,84,22.7,22.7,22.2,1.1,8.1,997.7
19,80,23,23.1,22.6,0.1,7.3,998.3
20,82,22.7,23.4,22.7,0,5.3,998.2
21,87,22.3,22.6,22.2,0,5.1,998.5
22,85,22.2,22.3,22,0,6.6,998.9
23,83,22.1,22.2,21.9,0,6.4,998.9
0,86,21.2,22.1,21.2,0,7.7,998.4
1,84,21,21.2,21,0,7.5,998.3
2,85,20.6,21,20.6,0,7.6,998.5
3,83,20.7,20.8,20.5,0,8.2,998.4
4,81,20.7,20.7,20.7,0,9.7,998.7
5,80,20.7,20.7,20.7,0,9.4,999.5
6,77,21,21,20.7,0,7.6,1000
7,74,21.7,21.7,21,0,6.5,1000.7
8,72,22.5,22.5,21.7,0,8.1,1001
9,69,23.8,23.8,22.5,0,7.8,1001
10,62,25.3,25.3,23.8,0,7,1000.8
11,46,26.3,26.3,25.2,0,8.3,1000.8
12,52,27.1,27.1,26.4,0,8.8,1000.8
13,49,27.8,28,27.1,0,6.4,1000.6
14,47,27.7,28.2,27.6,0,6.9,1000.3
15,43,28.5,28.7,27.6,0,6.1,1000.5
16,46,28.3,28.4,28.2,0,6.9,1000.6
17,51,28,28.4,27.9,0,3.8,1000.8
18,49,27.4,28,27.4,0,3.6,1001.4
19,55,26.2,27.4,26.2,0,0.8,1001.9
20,63,24.7,26.2,24.7,0,1.7,1002.8
21,69,24,25.1,24,0,2.2,1003.7
22,73,23.1,24.3,23.1,0,1.7,1004.2
23,74,22.9,23.3,22.1,0,1.9,1004.5
0,78,22.1,24,22.1,0,0.4,1004.3
1,80,21.7,22.1,21.3,0,1.7,1003.8
2,89,20.4,21.8,20.4,0,1.4,1003.8
3,89,20.1,20.3,20.1,0,1,1003.5
4,85,20.8,20.9,20.1,0,2.1,1003.7
5,89,19.9,20.8,19.8,0,0.5,1004.1
6,90,20.1,20.2,19.9,0,1,1004.6
7,87,21.7,21.7,20.1,0,1,1004.9
8,69,25.2,25.2,21.7,0,1.5,1004.9
9,62,27,27,25.2,0,1.8,1005
10,57,28.6,28.6,27.1,0,3,1004.9
11,50,29.3,29.3,28.6,0,4.4,1004.8
12,47,30.3,30.4,29.3,0,4.3,1004.2
13,45,31,31,30.2,0,4,1003.7
14,47,31.6,31.7,30.9,0,3.5,1003.3
15,43,32.1,32.1,31.4,0,4,1003.1
16,47,31.7,32.2,31.7,0,3.9,1002.8
17,47,31.5,31.7,31.5,0,3.2,1002.8
18,50,30,31.4,30,0,4,1003
19,56,28.5,29.9,28.5,0,3,1003.6
20,62,27.3,28.4,27.3,0,2.1,1004
21,68,26.4,27.3,26.4,0,1.4,1004.6
22,73,25.7,26.4,25.7,0,1.7,1004.7
23,81,24.8,25.7,24.8,0,1.8,1004.3
0,83,24.4,24.8,24.4,0,1.4,1004
1,84,24.3,24.5,24.3,0,1,1003.8
2,84,24.4,24.6,24.3,0,0.6,1003.2
3,87,24.2,24.4,24.1,0,0,1002.8
4,86,24.6,24.6,24.1,0,0.9,1003.2
5,86,25,25,24.6,0,1.8,1003.3
6,86,25.3,25.3,25,0,0.5,1003.6
7,82,26.7,26.7,25.3,0,1.7,1003.8
8,73,28.6,28.6,26.7,0,3.6,1003.9
9,68,29.8,29.8,28.6,0,4.5,1003.9
10,68,29.7,30,29.5,0,4.2,1004.1
11,64,30.6,30.6,29.7,0,4.7,1003.9
12,61,32.1,32.1,30.5,0,3.9,1003.2
13,59,32,32.2,31.5,0,4.1,1002.5
14,53,32.9,33.5,32,0,2.7,1001.8
15,58,32.5,32.9,32.5,0,2.9,1001.1
16,68,29.4,32.5,29.4,0,3.8,1001.5
17,79,27.2,29.4,27.2,0,5.5,1001.7
18,79,26.7,27.1,26.5,0,4.3,1002.3
19,87,25.4,27,25.4,1.9,1.4,1003
20,87,25.6,25.7,25.4,0,0.8,1003.1
21,89,25.4,25.8,25.3,1.9,1.2,1004.3
22,90,25.2,25.4,25.2,1.6,0.4,1004.5
23,90,25.2,25.3,25.2,0.3,0.9,1004.3
0,90,25.2,25.2,25.2,0,2.2,1003.7
1,90,25.2,25.2,25.1,0,1.3,1003.4
2,90,25.1,25.2,25.1,0,1.8,1003.1
3,90,25.5,25.5,25.1,0,2.3,1003
4,90,25.4,25.5,25.4,0,0.9,1003.5
5,90,25.2,25.4,25.2,0,0.8,1004
6,90,25.4,25.4,25.2,0,1.1,1004.6
7,87,26.5,26.5,25.5,0,2,1005.1
8,84,27.1,27.1,26.5,0,2.7,1005.2
9,76,28.7,28.7,27.1,0,4.3,1005.1
10,71,29.1,29.9,28.7,0,5.4,1005.5
11,71,29,29.5,28.9,0,6.6,1005.5
12,73,27.9,28.9,27.9,0,6.9,1005.2
13,72,28.6,28.6,27.4,0,7.4,1004.9
14,73,28.1,28.7,27.9,0,6,1004.3
15,78,27.5,28.1,27.4,0,4.3,1004.1
16,78,27.2,27.5,27.2,0,4.6,1004
17,85,26.2,27.2,26.2,0.2,3.5,1003.6
18,87,26,26.2,26,0.6,2.8,1004.2
19,88,25.9,26,25.9,0.2,1.5,1004.4
20,89,25.7,25.9,25.7,0.2,1.5,1005
21,89,25.4,25.7,25.4,0.4,1.5,1005.8
22,90,25.3,25.5,25.3,0,1.7,1006.3
23,90,25.2,25.4,25.2,0,1.5,1006.1
0,90,25.2,25.3,25.2,0,1.5,1005.7
1,90,25.1,25.3,25.1,0,1.2,1005.4
2,90,25.1,25.2,25.1,0,2.1,1005
3,90,24.9,25.1,24.9,0,0,1005.2
4,90,24.8,24.9,24.7,0,1.6,1005.4
5,90,24.6,24.8,24.6,0,0.7,1005.7
6,90,24.9,24.9,24.6,0,0,1006.2
7,88,25.8,25.8,25,0,1.5,1006.8
8,82,26.6,26.7,25.8,0,3.4,1007.3
9,79,27.8,27.8,26.6,0.1,3.3,1007.4
10,73,29,29,27.7,0,1.8,1007.4
11,68,30,30,29,0,2.8,1007.3
12,68,30.8,31,30,0,3.8,1007.2
13,75,28.4,30.7,28.4,0,3.9,1006.9
14,82,27.6,28.4,27.6,0.2,2.5,1007.1
15,85,27.7,27.7,27.5,0.5,1,1006.9
16,83,27.8,27.9,27.7,0.2,1,1006.6
17,84,27.9,28,27.6,0.1,1,1006.3
18,84,27.8,27.9,27.7,0,1.4,1006.4
19,84,27.3,27.8,27.3,0,1.5,1006.4
20,87,26.9,27.3,26.9,0,0.6,1006.7
21,88,26.7,26.9,26.6,0.1,1.6,1007.2
22,88,26.6,26.7,26.6,0,0,1007.2
23,89,26.5,26.6,26.5,0,0.2,1007.1
0,89,26.2,26.4,26.2,0,0.9,1006.8
1,89,26.2,26.2,26.1,0,1,1006.3
2,89,26.1,26.2,26.1,0,0,1006.3
3,90,25.9,26.1,25.9,0,0.7,1006.1
4,90,25.8,25.9,25.8,0,0.2,1006.1
5,90,25.7,25.9,25.7,0,0.9,1006.6
6,90,25.7,25.8,25.7,0.2,0.4,1006.9
7,90,26.2,26.2,25.7,0.1,1.5,1007.1
8,87,27.3,27.3,26.2,0.1,1.2,1007.4
9,81,28.4,28.5,27.3,0,1.4,1007.5
10,78,29.1,29.1,28.4,0,1.6,1007.6
11,75,30.2,30.2,29.1,0,0.6,1007.5
12,74,30.3,30.6,30.1,0,2.4,1006.9
13,73,30.5,30.6,30.1,0,2,1006.2
14,67,31,31.1,30.3,0,1.9,1005.4
15,70,30.9,31.3,30.9,0,2.2,1005.1
16,69,31.1,31.2,30.9,0,1.5,1004.5
17,69,31.4,31.4,31,0,0.8,1004
18,71,30.4,31.4,30.4,0,2.7,1004.1
19,76,29.5,30.4,29.5,0,1.8,1004.3
20,83,28.5,29.5,28.5,0,1.5,1004.5
21,79,28.7,28.7,28.3,0,2.5,1004.7
22,79,28.6,28.7,28.3,0,1,1004.8
23,81,28,28.5,27.9,0,2.3,1004.6
0,79,27.9,28,27.8,0,1.3,1004.1
1,81,27.3,28,27.3,0,1.6,1003.8
2,85,26.7,27.3,26.7,0,0.2,1003.2
3,88,26.1,26.7,26,0,0.1,1002.7
4,89,25.8,26.1,25.8,0,0,1002.7
5,89,25.5,25.8,25.5,0,1.1,1002.8
6,90,25.6,25.6,25.3,0,0.7,1003
7,78,28.2,28.2,25.6,0,0,1003.4
8,71,30.2,30.2,28.2,0,1.1,1003.7
9,60,32.5,32.5,30.3,0,0.5,1003.7
10,54,34,34,32.5,0,2.1,1003.4
11,52,34.8,35,33.7,0,1.9,1003.1
12,49,35.1,35.4,34.6,0,3,1002.7
13,44,36.2,36.2,35.2,0,4,1002.1
14,40,36.3,36.5,36,0,5.1,1001.4
15,40,37,37,36.2,0,2.6,1000.7
16,39,37.1,37.3,36.9,0,4.4,1000.1
17,43,36.1,37.2,36.1,0,3.4,1000
18,47,34.7,36.1,34.7,0,2.2,1000.1
19,63,32.6,34.7,32.6,0,2,1000.3
20,66,31,32.5,31,0,2.2,1000.7
21,64,31.1,31.6,31,0,2.8,1001
22,66,30.2,31.1,30,0,2.8,1001.3
23,64,30.1,30.2,29.9,0,2.5,1001.2
0,68,29.3,30.6,29.3,0,2,1001.1
1,75,28,29.2,28,0,0.6,1000.6
2,79,27.3,28,27.3,0,0.2,1000.5
3,81,26.7,27.3,26.7,0,0.8,1000.6
4,83,26.4,26.9,26.4,0,0.2,1001
5,86,25.9,26.4,25.9,0,1,1001.4
6,86,26,26,25.7,0,1.7,1001.8
7,77,27.7,27.7,26,0,1.9,1002.4
8,65,29.8,29.8,27.8,0,1.9,1002.3
9,63,31.2,31.2,29.8,0,2.6,1002.2
10,56,32.7,32.7,31.2,0,2.6,1002
11,51,34.7,34.7,32.7,0,2.3,1001.9
12,40,36.1,36.1,34.8,0,4.2,1001.4
13,38,36.3,36.6,36.1,0,3.9,1001
14,36,37.2,37.3,36.4,0,2.8,1000.5
15,42,37.1,37.3,36.9,0,3,1000.4
16,44,35.9,37.4,35.9,0,3,1000.2
17,45,36.1,36.1,35.1,0,2,1000.3
18,48,35.4,36.3,35.4,0,1.5,1000.8
19,61,33,35.4,33,0,1.5,1001.3
20,65,31.7,32.9,31.7,0,2.2,1001.8
21,64,31.3,31.8,31.3,0,2.7,1002.2
22,65,30.5,31.4,30.5,0,2.7,1002.6
23,65,30.1,30.5,30.1,0,2.1,1002.5
0,62,30.3,30.3,28.8,0,2.3,1002.3
1,63,30,31.4,30,0,1.2,1002.3
2,65,29.4,29.9,29.3,0,0.8,1002.4
3,70,28.6,29.5,28.6,0,0.5,1002.5
4,73,28.1,28.6,28,0,1.1,1002.8
5,77,27.5,28.5,27.5,0,0.2,1003.2
6,80,27.4,27.5,27.4,0,1.2,1003.5
7,66,30,30,27.5,0,0.4,1003.8
8,61,31.7,31.8,30,0,0.8,1003.9
9,59,33.1,33.1,31.6,0,0.6,1003.8
10,55,34.1,34.7,33.1,0,1.9,1003.8
11,50,35.3,35.3,34.1,0,2.9,1003.7
12,45,36.1,36.1,35,0,4.7,1003.3
13,44,36.4,36.6,36.1,0,4.8,1003.2
14,43,36.2,37,36.2,0,5.3,1003.1
15,44,36.2,36.4,35.7,0,4,1003.2
16,54,34.3,36.3,34.3,0,3.1,1003.2
17,70,31.7,34.1,31.7,0,4.4,1003.5
18,68,31,31.7,31,0,3.5,1004
19,70,30.4,31,30.4,0,2.1,1004.7
20,73,30.2,30.5,30.2,0,1.3,1004.7
21,75,29.6,30.2,29.6,0,1,1005
22,77,29.4,29.6,29.4,0,1.2,1005.5
23,85,27.4,29.4,27.4,8.5,1.4,1005.4
0,87,27.4,27.5,27.3,0,2.3,1004.9
1,88,27.3,27.4,27.3,0,1.3,1004.4
2,88,27.4,27.4,27.3,0,1.5,1004.3
3,88,27.3,27.5,27.3,0,1.7,1004.1
4,88,27.1,27.3,27.1,0,2.1,1003.8
5,88,27.1,27.1,27.1,0,2.4,1003.6
6,88,27.3,27.3,27,0,2.7,1003.5
7,87,27.5,27.5,27.3,0,3.5,1004
8,86,27.8,27.8,27.5,0,2.9,1004
9,85,28.4,28.4,27.8,0,3.4,1003.8
10,82,29,29,28.4,0,2.4,1003.3
11,78,30.4,30.4,29,0,2.1,1002.8
12,75,31.1,31.1,30.4,0,2.4,1002.5
13,72,31.9,31.9,31,0,1.6,1002.1
14,69,32.8,32.8,31.9,0,1.4,1001.8
15,68,33.2,33.4,32.8,0,1.8,1001.3
16,71,32.5,33.2,32.5,0,1,1001.3
17,75,31.8,32.5,31.8,0,0.6,1000.9
18,74,30.4,31.8,30.4,0,3.1,1001
19,78,29.1,30.4,29.1,0,2.8,1001.1
20,81,28.9,29.1,28.9,0,0.9,1001.3
21,81,29,29,28.9,0,1,1001.8
22,86,28.3,29,28.3,0,1.3,1001.6
23,85,28.3,28.4,28.3,0,0.7,1001.1
0,86,28,28.3,28,0,0.1,1000.8
1,89,27.6,28,27.6,0,0.7,1000.3
2,89,27.4,27.6,27.3,0,1.3,999.7
3,90,27.1,27.4,27.1,0,0,999.4
4,91,26.8,27.1,26.8,0,0.2,999.3
5,91,26.6,26.8,26.6,0,0.2,999.5
6,91,26.8,26.8,26.4,0,1.6,999.4
7,90,28.4,28.4,26.8,0,0.5,999.7
8,71,30.9,30.9,28.5,0,1,999.8
9,58,33.7,33.7,31,0,1.2,999.8
10,58,34.2,34.2,33.7,0,1.8,999.3
11,48,35.7,35.7,34.2,0,2.2,999.1
12,45,36.1,36.3,35.6,0,4.8,998.9
13,46,35.8,36.4,35.8,0,4.2,998.5
14,48,36,36.1,35.7,0,2.6,997.9
15,49,36,36.1,35.8,0,2.1,997.5
16,54,35.3,36,35.3,0,0.8,997.1
17,59,34.6,35.3,34.6,0,0.8,996.7
18,66,33.5,34.6,33.5,0,0,996.7
19,73,32.3,33.4,32.3,0,1.3,997
20,76,31.1,32.3,31.1,0,1.5,997.3
21,83,30.2,31.1,30.2,0,1.4,997.9
22,84,29.8,30.2,29.7,0,1.4,998.2
23,82,29.2,29.8,29.2,0,0.3,998.2
0,84,28.7,29.2,28.7,0,0.5,997.8
1,85,28.2,28.8,28.2,0,2,997.7
2,84,27.7,28.1,27.6,0,1.1,997.5
3,86,27.5,27.8,27.5,0,0.9,997.7
4,88,27.1,27.5,27.1,0,1,997.8
5,86,26.8,27.2,26.8,0,1.9,998.1
6,86,27,27,26.7,0,2.1,998.5
7,76,29.2,29.2,27,0,2.7,998.6
8,67,31.3,31.3,29.2,0,2.9,998.9
9,60,33.3,33.3,31.3,0,2.8,998.7
10,52,34.9,34.9,33.3,0,2.5,998.6
11,48,36,36,34.8,0,2.3,998.6
12,43,36.6,36.6,36.1,0,3.2,998.3
13,43,37.2,37.2,36.5,0,3.9,998.1
14,44,36.8,37.1,36.2,0,4,997.9
15,44,37.3,37.7,36.8,0,3.4,998
16,46,36.7,37.3,36.4,0,3,998
17,52,35.4,36.7,35.4,0,2.5,998.3
18,57,34.4,35.4,34.4,0,1.9,998.7
19,65,33,34.4,33,0,2.8,999.5
20,71,31.9,33,31.9,0,2.6,1000.3
21,73,31.4,31.8,31.4,0,2.8,1000.8
22,73,31.1,31.4,31.1,0,1.8,1001.3
23,79,30,31.1,30,0,0.9,1001.4
0,84,29.4,30,29.3,0,0.3,1001.2
1,79,29.5,29.7,29.4,0,2.2,1000.8
2,80,29.1,29.5,29.1,0,1.7,1000.3
3,84,28.7,29.1,28.7,0,3.8,1000.7
4,85,28.3,28.7,28.3,0,1.9,1000.8
5,83,28.2,28.3,28.2,0,2.1,1001.6
6,83,28.1,28.2,28.1,0,3.1,1002.3
7,80,28.3,28.4,28.1,0,3.3,1002.5
8,73,28.4,28.6,28.2,0,3.3,1003
9,72,28.3,28.4,28,0,2.1,1003.3
10,72,28.3,28.5,28.2,0,2.9,1003.7
11,67,29,29.2,28.3,0,2.1,1003.5
12,73,28.1,29.1,28.1,0,3.2,1003.3
13,71,28,28.1,27.7,0,2.4,1003.2
14,68,28.4,28.4,27.7,0,2.3,1002.8
15,67,28.7,28.7,28.3,0,1.2,1002.4
16,69,28.3,28.8,28.3,0,2.3,1002.5
17,75,27.8,28.3,27.6,0,2,1002.8
18,74,27.8,27.8,27.6,0,2.2,1003
19,76,27.3,27.8,27.3,0,1.7,1003.3
20,72,27.2,27.3,27.1,0,0.8,1004
21,78,26.7,27.2,26.7,0,1.3,1004.5
22,78,26.5,26.7,26.5,0,1.6,1004.7
23,80,26.4,26.6,26.4,0,1.6,1004.6
0,81,26.3,26.3,26.3,0,1.8,1004.3
1,85,26,26.3,25.9,0,1.5,1004.1
2,86,25.9,26,25.8,0.1,0.9,1003.6
3,86,25.9,25.9,25.8,0,2,1003.5
4,85,26,26,25.8,0,1.4,1003.6
5,83,26.1,26.1,25.9,0,1.3,1004.2
6,84,26,26.1,26,0,1.4,1005
7,82,26,26.1,25.9,0.1,2.2,1005.5
8,80,26.4,26.4,26,0,1.3,1005.5
9,79,27.1,27.1,26.4,0,2.3,1005.6
10,76,27.7,27.7,27.1,0,2.7,1005.7
11,70,28.8,29.1,27.8,0,1.8,1005.5
12,69,28.8,28.9,28.6,0,2.5,1005.4
13,72,28.9,28.9,28.7,0,2.3,1004.7
14,71,29.3,29.4,28.8,0,2.3,1004.4
15,73,28.8,29.3,28.8,0,1.9,1004.4
16,75,28.3,28.8,28.3,0,4.1,1004.6
17,77,28.3,28.3,28.2,0,3.9,1004.6
18,77,28.4,28.5,28.2,0,2,1004.9
19,81,27.1,28.4,27.1,0,3.2,1004.9
20,81,26.8,27.1,26.8,0,0.3,1005.4
21,83,26.9,27,26.6,0,1,1006.2
22,85,26.5,26.9,26.3,0,0.8,1006.2
23,85,26.5,26.6,26.5,0,0.3,1005.7
0,89,26,26.5,26,0,1.3,1005.3
1,89,25.9,26,25.8,0,0.4,1005
2,86,27,27,26,0,2,1004.6
3,85,27,27,27,0,1.2,1004.5
4,86,26.9,27,26.9,0,1.1,1004.6
5,87,26.6,26.9,26.6,0,1.6,1004.9
6,87,26.7,26.7,26.5,0,2.1,1005.2
7,83,27.7,27.7,26.7,0,2.2,1005.3
8,82,27.8,28,27.7,0,2.5,1005.7
9,71,29.7,29.8,27.8,0,4.3,1005.5
10,65,31.1,31.1,29.6,0,3.3,1005.4
11,61,31.8,31.9,30.8,0,4.6,1004.9
12,63,31,31.8,31,0,3,1005
13,66,31.7,31.8,30.4,0.1,5.1,1004.4
14,63,32.1,32.1,31,0,4.4,1003.5
15,66,31.3,32.3,31.2,0,5.2,1003.2
16,63,31.6,31.6,31.3,0,4.6,1002.8
17,63,31.1,31.7,31.1,0,4.4,1003
18,65,30.6,31.3,30.6,0,5.7,1003
19,70,29.8,30.7,29.8,0,5.1,1003.9
20,72,29.2,29.8,29.2,0,4.5,1004.4
21,73,28.9,29.2,28.9,0,3.3,1005.4
22,69,28.7,28.9,28.7,0,4.5,1005.4
23,71,28.3,28.7,28.3,0,4.2,1005
0,75,27.8,28.3,27.8,0,4.1,1004.8
1,78,27.4,27.8,27.4,0,2.1,1004.7
2,79,27.3,27.4,27.2,0,3,1004.2
3,80,27.1,27.3,27,0,2.9,1004.3
4,81,27,27.1,27,0,3.3,1004.2
5,80,27,27,26.9,0,3.8,1004.9
6,82,26.8,27,26.8,0,1.9,1005.4
7,80,27,27,26.8,0,2.9,1005.5
8,79,27.5,27.6,27,0,3.7,1005.5
9,75,28.4,28.4,27.5,0,5,1005.4
10,70,29.1,30,28.4,0,4.2,1005.5
11,67,29.8,29.8,29,0,3.8,1005.4
12,65,30.3,30.3,29.8,0,4.5,1005.2
13,61,31.5,31.5,30.3,0,4.9,1004.3
14,60,31.4,32.2,31.4,0,4.6,1004
15,66,31,32.3,31,0,4,1003.3
16,74,30.2,31.1,29.4,0.7,2.9,1003
17,72,29.6,30.2,29.6,0,4.4,1002.9
18,69,30.2,30.3,29.6,0,3.6,1003
19,71,29.5,30.2,29.5,0,3.8,1003.5
20,72,29,29.5,29,0,3.9,1003.6
21,71,28.8,29,28.8,0,2.6,1004.7
22,72,28.6,28.8,28.6,0,2.8,1005.2
23,76,28,28.5,28,0,1.6,1005.7
0,78,27.6,27.9,27.6,0,2.5,1005.3
1,85,26.8,27.6,26.8,0.5,1.9,1004.7
2,87,26.2,26.8,26.1,0.2,1.8,1004.4
3,85,26.5,26.6,26.2,0,1.7,1004.2
4,84,26.4,26.6,26.4,0,3.3,1003.9
5,82,26.5,26.5,26.4,0,1.3,1004.1
6,83,26.5,26.5,26.4,0,2.6,1003.7
7,80,27,27,26.5,0,3.4,1004
8,79,27.6,27.6,27,0,2.2,1004.3
9,77,28,28,27.5,0,3.8,1004.2
10,75,28.4,28.4,28,0,3.5,1004.3
11,72,28.7,28.7,28.4,0,3.5,1004.4
12,70,29.2,29.2,28.7,0,3.5,1004.4
13,71,29.7,29.7,29.2,0,2.6,1004.4
14,71,29.7,29.8,29.6,0,3.2,1003.9
15,70,29.9,29.9,29.6,0,3.7,1003.7
16,66,30.7,31,29.9,0,4.9,1003.3
17,67,30.2,30.7,30.2,0,3.7,1002.4
18,68,30.2,30.3,30.2,0,2.2,1002.9
19,71,29.5,30.1,29.5,0,2.1,1003.4
20,72,29.3,29.5,29.3,0,2,1003.6
21,74,28.9,29.2,28.7,0,1.6,1004.2
22,74,28.7,28.9,28.5,0,2.7,1004.3
23,73,28.6,28.8,28.5,0,3.2,1004.2
0,78,27.8,28.6,27.8,0,1.5,1004.2
1,80,27.5,27.8,27.5,0,0.6,1003.7
2,82,27.2,27.5,27.1,0,1.6,1003.6
3,84,26.8,27.2,26.8,0,1.1,1002.9
4,87,26.4,27,26.4,0,1.5,1003.1
5,88,26,26.4,26,0,2,1003.3
6,89,25.9,26,25.9,0,1.9,1003.8
7,87,26.5,26.5,25.9,0,1.4,1004.3
8,83,27.4,27.4,26.6,0,1.3,1004.6
9,78,28.2,28.2,27.4,0,0.3,1004.4
10,71,29.4,29.5,28.2,0,1,1004.7
11,70,29.9,29.9,29.1,0,0.6,1004.6
12,68,30.1,30.2,29.8,0,0.9,1004.3
13,71,30.4,30.7,30,0,2.3,1003.7
14,73,29.7,30.9,29.7,0,3.4,1003.4
15,77,28.4,29.7,28.3,0,3.1,1003.2
16,81,27.8,28.4,27.8,0,0.7,1003
17,85,26.8,27.8,26.8,0,2.4,1003.6
18,89,25.7,26.8,25.7,1,2.9,1003.9
19,90,25.6,25.7,25.5,1.6,3.1,1004.4
20,91,25.5,25.6,25.5,4.5,1.4,1004.7
21,91,25.6,25.6,25.4,0.2,0.4,1004.9
22,90,25.5,25.6,25.5,0,0.9,1005
23,90,25.7,25.7,25.5,0.1,1.6,1004.9
0,90,25.6,25.7,25.6,0.2,1.8,1004.3
1,90,25.6,25.6,25.6,0,1.1,1004.1
2,90,25.5,25.6,25.5,0,1,1003.4
3,90,25.6,25.7,25.5,0,0.5,1003.2
4,90,25.6,25.6,25.6,0,0,1003.3
5,90,25.6,25.7,25.6,0,1.1,1003.8
6,91,25.6,25.6,25.5,0,1.6,1003.9
7,90,26,26,25.6,0,1.3,1004.3
8,90,25.6,26,25.6,0,1.5,1004.9
9,90,23.9,25.6,23.9,2.7,1.8,1005.1
10,89,23.9,24.1,23.8,0.2,0.9,1005.4
11,89,23.7,23.9,23.6,0.1,2.9,1005.7
12,84,24.7,24.7,23.6,2.6,3,1005.2
13,86,23.9,24.6,23.9,0,2.7,1005.2
14,86,24,24,23.6,0,3.2,1005
15,85,24.9,24.9,23.9,0,2.8,1004.4
16,79,26.1,26.6,25,0,3,1004.3
17,77,26.2,26.4,26.1,0,2.9,1004.4
18,79,25.2,26.2,25.2,0,3.1,1004.7
19,79,25,25.2,24.9,0,2.4,1005.2
20,81,24.7,25,24.7,0,2.3,1006.1
21,83,24.3,24.7,24.3,0,1.9,1006.6
22,85,23.9,24.3,23.9,0,2.3,1006.4
23,87,23.8,23.9,23.8,0,2.4,1007
0,88,23.6,23.8,23.6,0,3.1,1006.7
1,90,23.2,23.6,23.2,10.2,2.5,1006.8
2,91,23,23.2,23,1.4,3.3,1006.4
3,91,23.1,23.2,23,0.5,2.2,1005.8
4,90,23.2,23.2,23.1,0,1,1006
5,91,23.2,23.2,23.1,0,0,1006.3
6,90,23.6,23.6,23.2,0,0.7,1006.6
7,90,23.9,23.9,23.6,0,0.9,1006.9
8,89,24,24.2,23.9,0,1.4,1007.2
9,90,24,24,23.8,0.2,0,1007.2
10,89,24.3,24.3,24,0,1.3,1007.3
11,87,24.8,24.8,24.3,0,1.5,1007.3
12,83,25.9,25.9,24.8,0,1.9,1006.9
13,85,25.3,25.9,25.2,0,2.8,1006.6
14,84,25.7,25.7,24.9,0,3.6,1006.1
15,79,26.8,26.8,25.7,0,4,1005.7
16,80,26.3,26.8,26.3,0,3,1005.4
17,83,25.3,26.3,25.3,0,4.5,1005.3
18,84,25.1,25.3,25.1,0,3.9,1005.2
19,85,24.9,25.1,24.9,0,3.6,1005.5
20,85,25,25,24.9,0,1.2,1005.7
21,86,24.9,25,24.8,0,1.9,1005.5
22,87,24.8,24.9,24.8,0,1,1005.7
23,87,24.7,24.8,24.7,0,0.9,1005.8
0,88,24.7,24.8,24.7,0,1.5,1005.2
1,89,24.5,24.7,24.5,0,0.8,1005
2,89,24.5,24.5,24.5,0,0.5,1004.7
3,89,24.4,24.6,24.4,0,0.7,1004.1
4,90,24.5,24.6,24.4,0,0.6,1004
5,90,24.5,24.6,24.5,0,1.2,1004.1
6,90,24.7,24.7,24.5,0,0,1004.2
7,87,25.1,25.1,24.6,0,2.3,1004.3
8,85,25.9,25.9,25.1,0,2.2,1004.3
9,79,27.6,27.8,26,0,2.3,1004.4
10,75,28.9,28.9,27.6,0,2.9,1004.1
11,73,29.5,29.8,28.8,0,2.4,1003.7
12,65,30.9,31,29.5,0,1.9,1003.5
13,68,30.9,31.2,30.4,0,2.7,1002.8
14,77,28.6,30.9,28.6,0,3,1002.2
15,81,28.3,28.6,28.1,0.1,2,1001.7
16,85,27.6,28.4,27.6,0,2.6,1001.1
17,82,27.5,27.7,27.4,0,2.8,1001
18,83,27.4,27.5,27.3,0,1.7,1001
19,84,27.3,27.4,27.3,0,0.5,1001.6
20,88,26.7,27.3,26.7,0.1,1.2,1002.2
21,90,26.1,26.7,26.1,0.4,2.5,1001.7
22,90,25.9,26.1,25.9,0.1,1.2,1002.1
23,90,26,26,25.9,0,1.8,1002.4
0,91,26,26,25.9,0,1.1,1001.8
1,91,25.9,26,25.9,0,1.3,1001.7
2,91,25.7,25.9,25.7,0,1.1,1001.4
3,91,25.9,25.9,25.7,0,2.3,1001.3
4,87,25.6,25.9,25.5,0,3.2,1001
5,86,25.6,25.6,25.5,0,2.6,1000.7
6,85,25.9,25.9,25.6,0,2.8,1001
7,86,26,26.1,25.9,0,3.4,1001.6
8,83,27.1,27.1,26,0.1,3.2,1001.5
9,77,28.1,28.1,27.1,0,3.5,1001.4
10,71,29.5,29.5,28.1,0,4.2,1001.4
11,65,30.5,30.5,29.4,0,4,1001.1
12,63,31.5,31.5,30.6,0,3.4,1000.8
13,60,31.8,31.9,31.1,0,4,1000
14,56,32.7,32.8,31.7,0,5.5,999.5
15,66,30.8,32.6,30.8,0,3.8,998.9
16,65,31,31.1,30.8,0,3.9,998.3
17,64,30.9,31.1,30.9,0,2.9,998
18,78,28.9,30.9,28.8,1,2.7,998.6
19,84,27.7,28.9,27.7,1,1.5,999.2
20,88,27.2,27.7,27.2,1.6,0,999.6
21,89,26.6,27.2,26.6,3.1,0.9,1000.3
22,89,26.5,26.6,26.5,4.1,1.5,1000.3
23,89,26.4,26.5,26.4,2.8,2.4,1000.1
0,89,26.2,26.4,26.2,3,1.5,999.9
1,88,26.3,26.3,26.2,0.5,2.5,999.7
2,87,26.2,26.3,26.1,0,1.9,999.6
3,87,26.1,26.2,26.1,0,1.7,999
4,87,25.9,26.1,25.9,0,1.4,998.9
5,86,26,26,25.9,0,1.2,998.8
6,85,26.1,26.1,26,0,2.1,998.9
7,85,26.3,26.3,26,0,2.1,998.9
8,81,27.2,27.2,26.3,0,2.1,999.1
9,80,27.5,27.5,27.1,0,2.8,999.1
10,74,28.8,28.8,27.5,0,3.4,998.7
11,69,30.3,30.6,28.8,0,4.9,998.6
12,63,31.3,31.3,30.4,0,4.6,998.1
13,65,30.7,31.6,30.6,0,4.6,997.7
14,67,30.2,30.7,30.2,0,3.4,997.1
15,67,30.3,30.5,30.2,0,2.5,996.8
16,66,30.3,30.4,30.2,0,3.1,996.2
17,66,29.8,30.3,29.8,0,1.7,996
18,75,29.3,29.8,29.3,0,0.8,996.3
19,67,29.2,29.4,29.2,0,1.5,996.6
20,70,28.8,29.2,28.8,0,3.5,997.3
21,75,28.2,28.8,28.2,0,2.2,997.6
22,78,27.8,28.2,27.8,0,2.2,998.1
23,76,27.7,27.9,27.7,0,2.1,997.8
0,78,27.1,27.6,27.1,0,2.3,997.5
1,83,26.6,27.1,26.6,0.1,1.5,997.1
2,86,26.2,26.6,26.2,0.2,0.6,996.9
3,87,26.1,26.2,26.1,0.3,0.9,996.7
4,86,26.2,26.2,26.1,0.1,0.5,996.3
5,88,25.8,26.2,25.8,0,0,996.1
6,88,26.1,26.1,25.8,0,1.2,996.4
7,85,26.7,26.7,26.1,0,1.9,996.8
8,82,27.2,27.2,26.6,0,2,996.9
9,79,27.4,27.4,27.1,0,2.6,996.9
10,82,27.4,27.6,27.2,0.1,1.2,997.1
11,77,28,28.1,27.4,0,1.7,997.1
12,75,28.5,28.5,28,0,2.1,996.9
13,72,28.4,28.6,28.4,0,1.6,996.9
14,74,28.5,28.8,28.4,0,2.3,996.8
15,84,26.1,28.6,26.1,0,4.8,996.9
16,87,24.7,26.1,24.7,0.3,2.2,997.1
17,89,24.4,24.7,24.4,2,2.6,997.3
18,90,24.5,24.6,24.4,0.5,1.9,997.3
19,89,24.6,24.6,24.5,0,1.6,998.3
20,90,24.7,24.8,24.6,0,0.9,998.4
21,90,24.7,24.7,24.5,0,1,998.9
22,89,24.7,24.8,24.7,0,1.6,999.5
23,88,24.9,24.9,24.7,0,0.5,999.7
0,87,24.8,25,24.8,0.1,1.7,999.6
1,88,24.8,24.8,24.7,0,2.1,999.1
2,87,24.5,24.8,24.5,0,2.1,999
3,88,24.2,24.5,24.2,0,1.7,999
4,89,24.2,24.2,24.1,0,1.2,999.3
5,88,24.2,24.3,24.1,0,1.7,999.9
6,88,24.4,24.4,24.1,0,0.4,1000.8
7,83,25.6,25.6,24.4,0,1,1001.1
8,78,26.4,26.5,25.7,0,4.1,1001.4
9,73,27.4,27.4,26.5,0,4.5,1001.6
10,69,28,28.1,27.2,0,5.2,1001.6
11,63,28.9,29.1,28.1,0,4.1,1001.5
12,62,29.7,30.2,28.8,0,4,1001.3
13,59,30.5,30.5,29.7,0,3.9,1001
14,56,31.4,31.5,30.5,0,3.1,1000.7
15,54,31.8,31.9,31.3,0,3.5,1000.5
16,52,32,32.3,31.9,0,3.6,1000.3
17,60,30.4,32.3,30.4,0,3.6,1000.3
18,64,29.5,30.3,29.5,0,3,1000.7
19,66,29,29.5,29,0,1.8,1001.3
20,71,28.5,29,28.5,0,2.1,1002
21,75,27.8,28.5,27.8,0,0.5,1002.5
22,82,26.9,27.7,26.9,0,0.2,1002.9
23,87,26.5,26.9,26.5,0,0.2,1002.4
0,89,25.7,26.4,25.7,0,1.8,1002.5
1,89,25.6,25.8,25.5,0,0,1002.5
2,90,25.4,25.6,25.4,0,0.6,1002.4
3,89,25.3,25.5,25.2,0,0.6,1002.3
4,90,25,25.3,25,0,0.4,1002.3
5,90,24.7,25,24.7,0,0,1002.5
6,91,24.7,24.7,24.6,0,0.6,1002.8
7,90,25.6,25.6,24.7,0,1.8,1003.2
8,81,27.2,27.2,25.6,0,2.2,1003.4
9,70,29.4,29.4,27.2,0,0.7,1003.7
10,60,31.5,31.5,29.5,0,1.1,1003.8
11,60,32.2,32.2,31.5,0,2,1003.5
12,57,32.4,32.6,31.6,0,2.1,1003
13,49,33.5,33.6,32.5,0,1.2,1002.5
14,55,33.4,33.9,33.3,0,0.8,1002.2
15,59,33,33.5,32.7,0,2.2,1002.1
16,57,33.1,33.7,33,0,2,1001.9
17,55,32.7,33.3,32.7,0,3.1,1001.6
18,54,32.1,32.6,32.1,0,2.2,1002
19,67,31.2,32.1,31.2,0,1.8,1002.4
20,72,29.8,31.1,29.8,0,0.8,1002.8
21,73,29.7,29.8,29.7,0,1.6,1003.5
22,85,28,29.6,28,0,1.2,1003.8
23,85,27.7,28,27.7,0,1.1,1003.5
0,84,27.8,27.8,27.5,0,1.3,1003.6
1,81,27.5,27.8,27.5,0,0.2,1003.4
2,84,27.1,27.5,27.1,0,1.7,1003.2
3,87,26.8,27.1,26.8,0,0.7,1003.2
4,89,26.6,26.8,26.6,0,1,1003.5
5,90,26.4,26.6,26.3,0,0.6,1003.8
6,91,26.6,26.6,26.4,0,1,1004.2
7,90,27.1,27.1,26.6,0,1.4,1004.5
8,86,28.7,28.7,27.1,0,1.2,1004.6
9,74,30.1,30.1,28.8,0,1.7,1004.7
10,67,31.6,31.8,30.1,0,2.2,1004.6
11,62,32.4,32.4,31.6,0,2.3,1004.4
12,58,33.3,33.3,32.5,0,2.1,1003.9
13,53,34,34,33.2,0,2,1003.3
14,50,34.4,34.5,33.9,0,2.5,1003
15,55,34.2,34.5,34.2,0,2.9,1002.7
16,51,34,34.3,34,0,2.9,1002.2
17,54,33.6,34.1,33.6,0,3,1001.9
18,57,33.1,33.6,33.1,0,2.9,1002.3
19,63,31.9,33,31.9,0,3,1003.2
20,61,31.3,31.9,31.3,0,2,1003.7
21,69,30.2,31.2,30.2,0,3.7,1004.2
22,75,29.4,30.2,29.4,0,2.4,1004.6
23,79,28.8,29.4,28.8,0,2.5,1004.6
0,81,28.4,28.8,28.4,0,1.5,1004.6
1,82,28.2,28.4,28.2,0,1.9,1004.2
2,83,28,28.2,28,0,1.7,1003.9
3,85,27.7,28,27.7,0,1.4,1004.1
4,86,27.6,27.7,27.6,0,2.3,1004.2
5,87,27.7,27.7,27.6,0,1.8,1004.3
6,87,27.8,27.8,27.7,0,1.5,1004.7
7,86,28.2,28.2,27.8,0,1.9,1005.2
8,82,29.5,29.5,28.2,0,1.5,1005.5
9,74,30.8,30.8,29.5,0,1.2,1005.4
10,69,32.3,32.3,30.8,0,1.5,1005.5
11,66,33.2,33.3,32.3,0,1.6,1005.3
12,53,34.9,34.9,33.3,0,1.6,1004.7
13,47,35.8,35.8,34.9,0,2,1004
14,63,34.1,36.7,34,0,3.4,1003.9
15,59,34.1,34.5,34.1,0,3.1,1003.3
16,56,34.5,34.8,33.9,0,2.7,1003.2
17,57,33.8,34.6,33.7,0,2.6,1003.6
18,59,32.9,33.7,32.9,0,1.8,1004.6
19,86,27.5,32.9,27.5,0.9,1.3,1005.4
20,84,26.9,27.6,26.9,0.8,1.7,1005.2
21,88,26.9,27,26.8,0.1,0.2,1005.4
22,89,27.1,27.1,26.8,0,0.2,1006
23,89,27.1,27.2,27.1,0,0,1005.9
0,90,26.9,27.1,26.8,0,1.1,1005.7
1,90,26.7,26.9,26.7,0,1.3,1005.1
2,90,26.6,26.7,26.5,0,0.9,1005.1
3,90,26.4,26.6,26.3,0,0,1005
4,90,26.4,26.5,26.4,0.1,0.6,1005.2
5,90,26.2,26.4,26.2,0,1,1005.4
6,91,26.3,26.3,26.1,0,0.9,1005.5
7,89,27.1,27.1,26.3,0,1.1,1005.8
8,82,28.8,28.8,27.1,0,1.3,1005.9
9,75,30.7,30.7,28.8,0,1.3,1006
10,69,32.4,32.4,30.7,0,1,1005.9
11,61,33.6,33.7,32.5,0,3.5,1005.8
12,59,34.4,34.4,33.6,0,3.2,1005.4
13,57,35.1,35.2,34.4,0,2.5,1004.7
14,49,36.5,36.5,35.1,0,2.5,1004.2
15,61,34.5,37.2,34.4,0,3.3,1004.1
16,64,33.7,34.4,33.4,0,3.4,1004.2
17,62,33.7,34.3,33.7,0,5.3,1003.5
18,64,32.5,33.6,32.5,0,4.6,1003.8
19,72,31.6,32.5,31.6,0,4,1004.5
20,72,30.5,31.6,30.5,0,3.2,1004.1
21,71,29.5,30.5,29.5,0,2.9,1005.2
22,73,28.6,29.5,28.6,0,0.9,1005.8
23,78,27.9,28.6,27.9,0,1.7,1005.4
0,79,27.3,27.8,27.3,0,2.8,1004.4
1,79,26.8,27.3,26.8,0,1,1003.9
2,85,26.2,26.8,26.2,0,1.4,1003.5
3,86,25.9,26.2,25.9,0,1.1,1003.4
4,86,25.8,26,25.8,0,1.3,1003.8
5,85,25.9,25.9,25.8,0,2.2,1004
6,83,26.4,26.4,25.8,0,2.1,1004.5
7,79,27.3,27.3,26.4,0,1.9,1004.7
8,73,28.9,28.9,27.3,0,1.3,1005
9,64,31.3,31.3,28.9,0,1.8,1005.1
10,60,32.7,32.7,31.2,0,2.3,1004.9
11,56,34.1,34.1,32.8,0,1.7,1004.7
12,46,35.7,35.7,34.1,0,1.6,1003.9
13,38,37.2,37.3,35.7,0,1.8,1003.2
14,42,37,37.4,36.8,0,2.6,1002.5
15,44,37,37.2,36.9,0,2.5,1002
16,46,36.7,37,36.6,0,3.4,1001.6
17,48,36.2,36.6,36.2,0,4.1,1000.9
18,51,35.3,36.1,35.3,0,3.2,1001
19,57,34.1,35.2,34.1,0,2.8,1001.8
20,65,32.9,34.1,32.9,0,3,1002.9
21,70,31.7,32.9,31.7,0,1.5,1003.4
22,75,31.1,31.7,31.1,0,1.4,1003.3
23,80,30.4,31.1,30.4,0,1.1,1003
0,82,30.1,30.4,30.1,0,1.3,1002.8
1,83,30,30.3,29.9,0,0.4,1002.8
2,85,29.5,30,29.5,0,0,1002.9
3,88,28.4,29.5,28.4,0,1.4,1002.6
4,87,28.4,28.5,28.4,0,0,1002.5
5,85,28.3,28.5,28.2,0,0,1002.9
6,85,28.2,28.3,28.2,0,1.3,1003.6
7,75,30.3,30.3,28.2,0,1.8,1004.3
8,70,31.9,31.9,30.3,0,2.5,1004.4
9,64,33.5,33.5,32,0,2.3,1004.3
10,57,35.1,35.1,33.5,0,2.2,1004.5
11,50,36.4,36.5,35.1,0,1.9,1004.5
12,62,32,37.3,32,0,7.5,1004.5
13,72,30.6,31.9,30,0,3.1,1004.1
14,60,32.9,32.9,30.6,0,2.9,1003
15,67,31.4,33.5,31.3,0,2.6,1003.2
16,62,29.6,31.4,29.6,0,2.1,1003.3
17,60,30.2,30.2,29.6,0,1.4,1002.7
18,69,28.5,30.1,28.4,0,3.7,1002.5
19,72,28.8,29,28.5,0,3,1003.2
20,75,27.9,28.8,27.9,0,1.5,1003.2
21,80,27.6,27.9,27.6,0,1.6,1003.8
22,80,27.9,27.9,27.6,0,0.3,1004.2
23,81,28,28.2,27.8,0,1.4,1004.4
0,85,27.6,28,27.6,0,1.3,1004.3
1,82,28,28,27.5,0,0,1003.8
2,80,28.1,28.1,27.9,0,2.2,1003.3
3,74,28.5,28.8,28.1,0,1.6,1003.4
4,73,28.3,28.6,28.3,0,1.2,1003.2
5,68,28.7,28.8,28.1,0,3,1003.2
6,72,28.4,28.9,28.4,0,2.5,1004.2
7,68,29.4,29.4,28.4,0,3.8,1004.9
8,66,30.7,30.7,29.4,0,3.2,1005
9,61,32.2,32.2,30.8,0,3.4,1005.7
10,58,33,33,32.2,0,5.4,1005.6
11,56,34,34,32.9,0,5.3,1005.7
12,57,33.9,34.1,33.7,0,5.3,1005.3
13,54,34.7,34.9,33.9,0,5.6,1004.6
14,52,35.2,35.2,34.7,0,5.1,1003.9
15,51,36.1,36.1,35.1,0,3.8,1003.6
16,51,35.4,36,35.4,0,4.8,1003.6
17,51,34.9,35.3,34.9,0,4.3,1003.2
18,57,33.9,34.9,33.9,0,2.5,1003.5
19,56,33.2,33.9,33.2,0,2.8,1003.8
20,63,32.1,33.3,32.1,0,1.9,1004.6
21,64,31.6,32,31.2,0,2,1004.7
22,64,31.5,31.7,31.1,0,3.2,1004.3
23,62,31.3,31.5,31.2,0,3,1004.7
0,62,30.7,31.2,30.4,0,2.4,1004.3
1,66,29.7,30.8,29.7,0,2.8,1004.3
2,69,29.2,29.7,29.2,0,1.5,1004.6
3,69,28.9,29.2,28.8,0,1.7,1004.9
4,67,28.9,28.9,28.3,0,2.8,1005.2
5,67,28.6,28.9,28.6,0,3.7,1005.5
6,67,28.4,28.6,28.2,0,3.4,1005.9
7,64,29.1,29.1,28.4,0,3.6,1006.5
8,60,29.9,29.9,29.1,0,4.2,1006.9
9,58,30.8,30.9,30,0,3.6,1007.3
10,56,31.6,31.6,30.8,0,3.8,1007.3
11,52,33.5,33.5,31.7,0,3.7,1007
12,48,34.6,34.6,33.4,0,3.7,1006.3
13,47,35.2,35.3,34.6,0,3.3,1005.8
14,45,35.8,35.9,35.3,0,3.5,1005
15,44,35.8,35.9,35.6,0,4,1004.5
16,45,35.8,35.9,35.6,0,3.9,1004.3
17,47,34.9,35.8,34.8,0,2.6,1003.9
18,48,34.7,35.2,34.7,0,2.8,1004.3
19,53,33.7,34.7,33.7,0,3,1004.6
20,59,32.5,33.7,32.5,0,1.5,1005.1
21,60,32.1,32.5,32,0,1.6,1005.8
22,69,30.9,32.1,30.9,0,2.2,1006.3
23,73,30.3,30.9,30.3,0,1.1,1006.4
0,77,30,30.3,30,0,1.6,1005.8
1,80,29.4,29.9,29.4,0,2,1005.4
2,85,28.5,29.4,28.5,0,1.4,1005
3,85,28.4,28.5,28.2,0,2.2,1004.9
4,82,27.8,28.4,27.8,0,1.3,1004.8
5,72,28.1,28.1,27.8,0,1.5,1004.9
6,70,28.2,28.3,28,0,2.6,1005
7,64,29.9,29.9,28.2,0,3.4,1005.2
8,59,31.1,31.1,29.9,0,4.8,1005.3
9,55,32.3,32.3,31.1,0,4.2,1005.4
10,52,33.2,33.5,32.3,0,4.4,1005.2
11,48,34.5,34.5,33.2,0,3.5,1004.9
12,46,35.3,35.3,34.4,0,3.3,1004.3
13,45,35.7,35.8,35.3,0,3.9,1003.8
14,42,36.2,36.3,35.7,0,3.8,1003.2
15,40,36.6,36.6,36.1,0,3.6,1002.5
16,42,36.5,36.7,36.3,0,3.8,1002.1
17,45,35.8,36.4,35.8,0,3.7,1001.6
18,50,34.7,35.8,34.7,0,3.1,1001.8
19,54,33.6,34.7,33.6,0,3.1,1002.4
20,60,32.5,33.6,32.5,0,3.4,1002.8
21,66,31.4,32.5,31.4,0,2.2,1003.4
22,72,30.6,31.4,30.6,0,2,1003.8
23,76,29.9,30.6,29.8,0,1.6,1004.1
0,79,29.5,30,29.5,0,0.9,1003.8
1,81,29.3,29.6,29.3,0,1.3,1003.2
2,85,28.6,29.3,28.6,0,1.2,1003.1
3,83,28.2,28.6,28.2,0,1.5,1002.5
4,77,28.3,28.6,28,0,2.7,1002.3
5,82,27.5,28.3,27.4,0,0.8,1002.4
6,81,27.7,27.7,27.5,0,1.9,1002.5
7,71,29.5,29.5,27.8,0,1.5,1002.6
8,68,30.9,30.9,29.5,0,1.8,1002.8
9,61,32.7,32.7,30.9,0,1.7,1002.7
10,51,34.8,34.8,32.7,0,0.9,1002.6
11,46,36.2,36.2,34.8,0,3.4,1002.4
12,46,36.1,36.4,35.8,0,4.3,1002
13,37,37.1,37.1,36,0,4.5,1001.6
14,37,37.8,37.8,36.9,0,3.6,1001
15,33,37.5,37.8,37.3,0,2.3,1000.5
16,34,36.6,37.7,36.6,0,1.6,1000.4
17,47,35.5,36.7,35.4,0,1.5,1000.7
18,49,35.1,35.5,35.1,0,2.1,1001.1
19,51,34.1,35.1,34.1,0,1.1,1001.3
20,62,32.4,34.1,32.2,0,0.2,1002
21,78,30.8,32.4,30.8,0,1.7,1002.5
22,67,31.6,31.7,30.8,0,2.4,1003.1
23,65,30.2,31.5,30.2,0,2.8,1003.5
0,66,29.6,30.3,29.6,0,3.2,1003.2
1,67,29.1,29.5,29.1,0,3.2,1002.8
2,73,28.2,29.1,28.2,0,3.1,1003
3,72,27.9,28.2,27.8,0,3.1,1002.8
4,74,27.6,27.9,27.6,0,2.6,1002.8
5,77,27.4,27.6,27.4,0,3.7,1003.3
6,77,27.5,27.5,27.3,0,1.5,1003.6
7,72,28.2,28.2,27.5,0,1.2,1003.9
8,70,29.3,29.3,28.2,0,2.4,1004.3
9,68,29.9,29.9,29.2,0,2.8,1004.6
10,65,31.3,31.4,29.9,0,3.6,1004.3
11,61,33.4,33.4,31.3,0,2.5,1004
12,59,34,34.2,33.2,0,2.7,1003.5
13,55,34.2,34.6,33.9,0,2.9,1003
14,57,34.3,34.5,33.9,0,2.7,1002.4
15,50,35.1,35.1,34.3,0,3.8,1002
16,54,34,35.2,34,0,3.4,1002.1
17,56,32.6,34,32.6,0,1,1002.3
18,59,29.6,32.6,29.6,0,4.4,1002.7
19,59,29.8,30,29.6,0,2.1,1003
20,71,29.7,29.9,29.6,0,2.4,1004.3
21,68,29.3,29.7,29.3,0,1.4,1004.7
22,68,29.4,29.5,29.2,0,2.4,1004.7
23,72,29.1,29.4,29.1,0,2.2,1005.2
0,72,29,29.1,28.9,0,2.3,1005.4
1,71,28.6,29,28.6,0,1.4,1004.8
2,77,28,28.6,28,0,1.8,1004.7
3,79,27.8,28.1,27.8,0,0,1004.1
4,82,27.4,27.8,27.4,0,1,1004.2
5,82,27.4,27.5,27.4,0,1,1004
6,82,27.5,27.5,27.3,0,1.2,1004.3
7,80,28,28,27.5,0,1.7,1004.8
8,76,28.8,28.9,28.1,0,2.4,1005.3
9,71,30.2,30.2,28.8,0,2.1,1005.2
10,65,31.1,31.2,30.2,0,1.3,1005.5
11,70,30.7,31.6,30.7,0,3,1005.5
12,72,31,31,30.6,0,2.5,1005.3
13,63,32.6,32.6,31.1,0,3.2,1004.7
14,62,32.8,33.1,32.3,0,3.9,1004.2
15,61,32.8,33.1,32.8,0,4.2,1003.4
16,63,31.8,32.8,31.8,0,2.4,1003.8
17,82,26.2,31.8,26.2,0,3.4,1003.9
18,84,26.7,26.7,25.9,0,1.5,1004
19,85,26.4,26.7,26.4,0,1.6,1004.7
20,82,27.1,27.1,26.1,0,2.4,1005.9
21,83,26,27.1,25.8,0,1.6,1006.2
22,84,26,26.1,25.9,0,0,1006.1
23,82,26.9,26.9,26.1,0,0,1006.2
0,87,26.6,27,26.6,0,1.6,1005.9
1,88,26.3,26.5,26.2,0,1.4,1005.3
2,89,26.7,26.7,26.3,0,1,1005.1
3,88,27.3,27.3,26.7,0,2.2,1005
4,86,27.5,27.5,27.3,0,2.5,1005
5,86,27.5,27.5,27.5,0,2.3,1005.2
6,86,27.5,27.5,27.4,0,2.5,1005.6
7,85,27.9,27.9,27.5,0,1.7,1005.8
8,80,28.8,28.8,28,0,2.4,1005.8
9,77,29.9,29.9,28.8,0,2.5,1006
10,71,31.1,31.1,30,0,2.3,1006
11,66,32.2,32.2,31,0,2.1,1005.7
12,60,33,33.3,32.3,0,1.9,1005.2
13,61,33.5,33.7,33,0,1.9,1004.5
14,60,33.9,34.3,33.5,0,3.1,1003.8
15,54,34.5,34.5,33.7,0,2.7,1003.2
16,53,34.4,34.7,34.3,0,3.4,1002.7
17,58,33.6,34.4,33.6,0,1.4,1002.8
18,63,32.9,33.6,32.9,0,1.2,1003.2
19,69,31.9,32.9,31.9,0,0.6,1003.6
20,69,31.3,32.2,31.2,0,1.6,1004.2
21,74,29.8,31.3,29.7,0,1,1004.5
22,79,29,29.8,29,0,2.2,1005.2
23,82,28.3,28.9,28.3,0,1.5,1004.9
0,81,28.4,28.5,28.3,0,1.8,1004.6
1,85,27.8,28.4,27.8,0,1.3,1004.2
2,87,27.3,27.8,27.3,0,0.1,1004.1
3,87,27.1,27.3,27.1,0,0,1004.1
4,87,26.8,27.1,26.8,0,0.6,1004.2
5,88,26.8,26.9,26.8,0,1,1004.2
6,89,26.7,26.8,26.7,0,1,1004.4
7,87,27.6,27.6,26.7,0,2.3,1004.6
8,80,28.5,28.5,27.6,0,4.4,1004.7
9,76,29.4,29.4,28.5,0,6.1,1004.9
10,65,31.4,31.4,29.4,0,4.1,1004.6
11,63,31.2,32.1,30.8,0,5.4,1004.2
12,62,32.2,32.4,30.9,0,5.3,1003.9
13,62,31.9,32.3,31.5,0,4.7,1003.3
14,60,32.2,33,31.9,0,4.9,1002.8
15,59,32.4,32.5,32,0,2.8,1002.5
16,60,32.4,32.9,32.3,0,4.2,1002.4
17,53,32.8,33,32.4,0,3.4,1002.3
18,64,31.8,32.9,31.8,0,2.1,1002.8
19,67,30.8,31.8,30.8,0,1.7,1002.8
20,68,30.1,30.7,30.1,0,1.4,1003.5
21,70,29.4,30.1,29.4,0,2.3,1003.6
22,75,28.8,29.4,28.8,0,1.7,1004.1
23,78,28.4,28.9,28.4,0,0.6,1003.7
0,80,28.3,28.4,28.2,0,1.9,1003.6
1,86,27.4,28.3,27.4,0,3,1003.5
2,86,27,27.4,27,0,2.4,1003.5
3,86,26.6,27,26.6,0,3.3,1003.4
4,87,26.5,26.6,26.5,0,1.8,1003.5
5,87,26.4,26.5,26.3,0,3,1003.6
6,87,26.5,26.5,26.3,0,4,1003.9
7,85,26.8,26.9,26.5,0,2.5,1004.2
8,83,27.3,27.3,26.8,0,3.3,1004.2
9,80,27.9,28,27.4,0,2.4,1004.5
10,78,28.2,28.4,27.9,0,1.6,1004.4
11,85,26.8,28.2,26.6,4.7,3.1,1004.3
12,86,27.7,27.7,26.7,0.3,1.6,1003.8
13,70,31,31,27.8,0,1.2,1003.3
14,66,31.6,31.6,30.7,0,2,1002.9
15,62,31.5,31.7,30.9,0,2.5,1002.6
16,63,31.3,31.7,31.3,0,3.3,1002.5
17,67,30.4,31.2,30.4,0,3.4,1002.7
18,72,30.1,30.4,30.1,0,2.4,1002.8
19,81,28.7,30.1,28.7,0.1,1.5,1003.2
20,85,28.2,28.7,28.2,0,1,1003.8
21,83,27.8,28.4,27.8,0,1.9,1004.1
22,84,27.5,27.8,27.5,0,1.2,1004.1
23,85,27.4,27.6,27.4,0,1.5,1003.8
0,86,26.9,27.3,26.8,0,2.2,1003.5
1,87,26.7,26.9,26.7,0,0.6,1003.2
2,88,26.5,26.7,26.5,0,0.5,1002.8
3,86,26.9,26.9,26.5,0,0.8,1002.6
4,87,26.5,26.9,26.5,0,0.8,1002.9
5,89,26.2,26.5,26.2,0,0.7,1003.2
6,90,26.2,26.2,26,0,0.3,1003.5
7,90,27.3,27.3,26.2,0,0.5,1003.8
8,74,29.5,29.5,27.3,0,3.1,1003.8
9,64,30.3,30.8,29.4,0,3.6,1003.8
10,67,30.6,30.9,30.2,0,2.6,1003.9
11,61,31.9,31.9,30.4,0,2.8,1003.5
12,61,31.8,31.9,31,0,2.9,1002.9
13,59,31.8,32.5,31.8,0,3,1002.4
14,57,33,33,31.6,0,3.3,1001.9
15,55,32.9,33.4,32.8,0,4.2,1001.7
16,86,27,32.8,26.8,6.7,1.4,1001.6
17,83,28.1,28.1,27,0.2,2.3,1001.3
18,82,28.9,29.1,28.1,0,0.6,1001.3
19,86,28.2,28.9,28.1,0,0.6,1001.8
20,72,29.3,29.3,27.8,0,3.5,1002.3
21,73,29.3,29.5,29.2,0,3.7,1002.8
22,73,28.5,29.3,28.4,0,2.4,1002.6
23,79,27.6,28.5,27.6,0,2,1002.5
0,82,27.2,27.6,27.1,0,1,1002
1,82,27.1,27.4,27,0,0.4,1001.4
2,78,27.7,27.7,27.2,0,2.5,1001
3,77,27.8,27.8,27.7,0,2.2,1000.8
4,79,27.6,27.8,27.6,0,1.8,1000.7
5,80,27.6,27.6,27.5,0,2.3,1000.5
6,80,27.7,27.7,27.4,0,2.7,1000.7
7,77,28.1,28.3,27.7,0,3.1,1001.1
8,76,28.5,28.6,28.1,0,3.9,1001.6
9,67,29.8,29.9,28.5,0,3.5,1001.3
10,68,30.4,30.6,29.7,0,3.9,1000.8
11,63,31.2,31.2,30.4,0,4.3,1000.2
12,62,31.4,31.6,31,0,4.6,999.6
13,60,32.1,32.2,31.3,0,5.4,999
14,64,31.2,32.1,30.4,0,4.9,998.8
15,70,31,31.1,29,2.3,4.7,998
16,79,27.9,31.3,26.5,0.9,4.1,998.2
17,77,29,29,27.9,0.1,4.2,998.5
18,78,28.4,29.1,28.4,0,3.7,998.5
19,79,28.7,28.7,28.4,0,3.6,998.9
20,77,29,29,28.7,0,4.1,999.1
21,76,28.9,29,28.9,0,3.9,999.7
22,77,28.7,28.9,28.7,0,4.4,999.2
23,78,28.4,28.7,28.4,0,3.8,998.8
0,86,27.1,28.3,27,0,3.2,998.7
1,80,27.9,28.2,27.1,0,4.7,997.8
2,80,27.6,27.9,27.6,0,5.1,997.2
3,78,27.7,27.7,27,0,5.3,997
4,79,27.5,27.8,27.5,0,5.1,996.8
5,78,27.6,27.7,27.4,0,5.9,997.1
6,79,27.3,27.6,27.3,0,5.4,997.4
7,76,28.1,28.1,27.3,0,4.7,997.6
8,69,29.3,29.3,28.1,0,6,997.7
9,63,29.8,29.9,29.1,0,6.4,997.8
10,64,30.1,30.3,29.8,0,6.2,997.9
11,60,30.9,31.2,30,0,7,997.9
12,56,32.2,32.2,31,0,7.6,997.5
13,54,32.5,32.5,31.6,0,7.5,997.5
14,58,32.2,32.7,32.2,0,7.3,997.5
15,58,32.5,32.9,32.2,0,7.7,997.3
16,59,32,32.7,32,0,7.4,997.3
17,56,30.3,32.1,30.3,0,3.7,998
18,89,25.4,30.3,25.2,28.8,1.4,999.6
19,89,24.7,25.4,24.7,8.9,1.7,1000.7
20,89,24.7,24.8,24.5,2.2,1.1,1001.8
21,87,24.5,24.9,24.5,0.1,2.8,1002.8
22,87,24.7,24.9,24.5,0,2.5,1002.6
23,84,24.9,24.9,24.7,0,2.4,1002.5
0,88,24.8,25,24.7,0,2,1002.5
1,88,25,25,24.8,0,2.2,1002.4
2,88,25,25.1,25,0,1.8,1002.5
3,89,24.8,25.1,24.8,0,1,1002.8
4,90,24.6,24.8,24.6,0,1.5,1003.2
5,91,24.7,24.7,24.6,0,1.1,1003.5
6,91,24.8,24.8,24.7,0,0,1003.8
7,91,25.3,25.3,24.8,0,1.5,1004.1
8,86,26.8,26.8,25.4,0,1.4,1004.5
9,76,28.4,28.4,26.8,0,1.5,1004.9
10,70,29.9,30.2,28.4,0,1.2,1005
11,66,30.6,31,30,0,1.6,1004.9
12,62,31.7,32.1,30.5,0,1.4,1004.5
13,69,30.4,32.2,30.4,0,3.6,1004.1
14,87,25.6,30.4,25.6,6.6,4.7,1004
15,84,26.6,26.6,25.3,3.9,0.7,1003.8
16,83,28,28,26.6,0.2,1.3,1003.1
17,81,28.6,28.6,27.6,0.1,1.4,1003.5
18,82,28,28.9,27.9,0,1.1,1003.6
19,86,27.1,28,27.1,0,1.4,1004
20,88,27.1,27.3,27,0,1.1,1004.6
21,87,27,27.1,27,0,0.6,1004.7
22,89,26.6,27.1,26.6,0,1.6,1004.9
23,87,26.9,26.9,26.6,0,1.1,1005
0,89,26.4,26.9,26.4,2.6,3.3,1005.1
1,90,26.1,26.4,26.1,2.1,2.3,1004
2,90,25.9,26.1,25.9,0.1,0.7,1003.9
3,91,25.7,25.9,25.7,0,1,1004
4,91,25.7,25.7,25.6,0,0.5,1004.2
5,90,25.4,25.7,25.4,0,2.8,1004.4
6,91,25.3,25.4,25.3,0,0.6,1004.8
7,90,25.7,25.7,25.3,0,1,1005
8,83,27,27,25.8,0.2,1.1,1005.3
9,77,28.6,28.6,27,0,1.1,1005.7
10,72,29.8,30,28.6,0,1.7,1005.5
11,68,31.6,31.6,29.9,0,1.3,1005.2
12,65,32.6,32.8,31.7,0,2.3,1004.9
13,63,33,33.4,32.6,0,1.7,1004.4
14,61,33,33.4,32.9,0,2.5,1003.7
15,65,32.7,34.2,32.7,0,2,1003.5
16,64,32.5,32.7,32.3,0,0.2,1003.3
17,68,31.9,32.7,31.9,0,2.6,1003.4
18,72,30.5,31.9,30.5,0,1.9,1003.9
19,68,29.9,30.5,29.7,0,1.3,1004.2
20,81,29,29.9,29,0,0.8,1005.2
21,84,28.4,29,28.4,0,0.2,1005.8
22,84,28,28.4,28,0,1.2,1005.8
23,86,27.7,28,27.7,0,0,1005.7
0,88,27.3,27.7,27.3,0,0.7,1005.4
1,89,26.9,27.3,26.9,0,1.5,1005.2
2,90,26.7,26.9,26.7,0,1.5,1005.2
3,90,26.7,26.7,26.7,0,0.8,1005.2
4,91,26.5,26.7,26.5,0,1.2,1005.2
5,91,26.6,26.6,26.5,0,0,1005.6
6,91,26.6,26.7,26.6,0,0.5,1006.2
7,91,27.3,27.3,26.6,0,1.1,1006.7
8,86,29,29,27.3,0,2.1,1006.9
9,75,31.1,31.1,29.1,0,2.7,1006.9
10,71,32.5,32.5,31.2,0,2.5,1006.6
11,65,33.6,33.6,32.5,0,2,1006.3
12,58,35,35,33.6,0,1.4,1005.8
13,60,33.7,35.3,33.7,0,3.1,1004.7
14,52,34.1,35,33.7,0,3.5,1004.3
15,74,29.2,34.1,29.2,0,6.6,1004.2
16,77,29,29.5,29,0,4.3,1004
17,76,29.3,29.3,29,0,2.4,1003.8
18,76,29.4,29.5,29.3,0,2,1003.9
19,78,29.2,29.4,29.1,0,1.7,1004.5
20,80,29.2,29.3,29.1,0,1.5,1005.4
21,81,29.2,29.2,28.9,0,1.3,1006.3
22,87,28.2,29.2,28.2,0,0.7,1006.2
23,89,27.7,28.2,27.7,0,0.3,1006.4
0,89,27.4,27.7,27.4,0,2,1005.9
1,88,27.3,27.4,27.3,0,0.8,1005.4
2,89,27,27.3,27,0,0.9,1005.2
3,90,26.9,27,26.9,0,0.9,1005.2
4,90,26.8,26.9,26.8,0,0,1005.2
5,90,26.8,26.8,26.7,0,1.7,1005.2
6,90,26.6,26.8,26.6,0,0.3,1005.7
7,90,27.5,27.5,26.6,0,0.7,1006
8,76,29.3,29.3,27.5,0,0.9,1006
9,68,30.7,30.9,29.3,0,1.1,1005.9
10,68,32,32,30.5,0,1.2,1006.2
11,59,33.2,33.3,32,0,2.2,1005.9
12,58,33,33.3,33,0,3.4,1005.3
13,55,34,34.1,33.1,0,3.1,1004.6
14,75,30.2,33.9,30.1,0,4.4,1004.7
15,71,31.6,31.6,30.1,0,1.5,1003.7
16,54,33.6,33.6,31.7,0,1,1003.3
17,57,33.7,34.2,33.5,0,1.8,1003.2
18,62,32.4,33.6,32.3,0,3.2,1003.4
19,75,30,32.3,30,2.6,5,1004.3
20,88,27.1,29.5,26.9,18.9,2.2,1004.6
21,84,26.5,27.4,26.5,0.1,2.5,1004.9
22,87,26.4,26.9,26.4,0.2,1.2,1004.9
23,88,26.7,26.8,26.4,0.3,1,1004.8
0,87,26.8,26.8,26.7,0.1,0.7,1004.4
1,87,26.7,26.9,26.7,0,0.7,1003.6
2,90,26.5,26.8,26.5,0,0.7,1003.6
3,90,26.4,26.5,26.4,1.2,1.8,1004
4,91,26.2,26.4,26.2,1.6,0.9,1003.2
5,91,26.2,26.3,26.2,0,1.2,1003.5
6,91,26.3,26.4,26.2,0.4,1,1004
7,89,26.2,26.2,25.7,0.5,2.8,1004.4
8,90,25.2,26.2,25.2,4.7,2.4,1004.9
9,91,24.8,25.2,24.4,10.3,1.7,1005.2
10,91,24.7,25,24.7,12.1,1.6,1005.3
11,91,25.8,25.8,24.6,1.3,2.5,1004.9
12,83,27.5,27.5,25.8,0,2.5,1004.3
13,78,29,29,27.5,0,2.1,1003.7
14,69,30.4,30.7,29.1,0,1.6,1003
15,68,30.7,30.9,30.3,0,2.1,1002.3
16,70,31.1,31.1,30.1,0,1.7,1001.7
17,72,30.9,31.3,30.8,0,2.2,1001.5
18,75,29.9,30.9,29.9,0,2.3,1001.5
19,78,28.8,29.8,28.8,0,2.5,1002.4
20,84,28,28.8,28,0,1.4,1002.7
21,84,27.9,28,27.9,0,0.1,1003.4
22,87,27.8,28.2,27.8,0,1.5,1003.4
23,88,27.4,27.8,27.4,0,2.1,1003.7
0,88,27.2,27.3,27.1,0,1.3,1003.5
1,84,26.4,27.2,26.4,0,2.5,1003.2
2,86,26.1,26.7,26.1,0,1.5,1002.5
3,87,25.6,26,25.6,0,1.6,1002.3
4,89,25.2,25.5,25.2,0,0.3,1002.1
5,90,24.7,25.2,24.7,0,0.4,1002.6
6,89,25,25,24.7,0,0.9,1003.2
7,85,26.5,26.5,25,0,0.3,1003.9
8,77,28.7,28.7,26.6,0,0.7,1004.2
9,69,30.2,30.3,28.7,0,1.3,1004.1
10,64,32,32,30.2,0,1.5,1003.9
11,55,33.5,33.6,31.9,0,0.7,1003.4
12,53,33.5,34.1,33.5,0,1.3,1002.8
13,72,27.6,33.4,27.6,0,9.5,1003.4
14,72,27.6,27.6,26,0,3.2,1003.2
15,82,25.7,27.7,25.7,0.7,2,1002.8
16,78,26.5,26.5,25.7,0,1.5,1002.7
17,76,26.6,27,26.5,0,1.7,1003.3
18,77,26.5,26.5,26.2,0,1.4,1004.5
19,82,25.7,26.6,25.7,0.1,2.3,1004.6
20,85,25.4,25.8,25.4,0,2.5,1004.8
21,87,25.7,25.8,25.4,0,1.8,1005
22,88,25.4,25.7,25.4,0,2,1005.2
23,87,25.2,25.5,25.2,0,1.3,1005
0,83,25.3,25.4,25.2,0,1.4,1004.2
1,85,24.9,25.3,24.9,0,1.8,1004.9
2,87,24.6,24.9,24.6,0,1.7,1003.5
3,86,24.4,24.5,24.4,0,0.8,1003.8
4,87,24.5,24.6,24.4,0,1.6,1003.7
5,88,24.2,24.5,24.2,0,0.1,1004
6,89,24.3,24.3,24.1,0,1.4,1004.3
7,83,25.7,25.7,24.3,0,1.4,1004.9
8,70,28.2,28.3,25.7,0,1.1,1005.1
9,67,29.9,30,28.1,0,1.5,1005.5
10,58,31.4,31.5,30,0,1.6,1005.7
11,59,33.2,33.2,31.4,0,0.7,1005.4
12,59,33.7,33.8,33.2,0,2.1,1004.7
13,64,32.2,33.6,32.1,0,2.9,1004.6
14,70,28.9,32.4,28.7,0,6.4,1004.6
15,86,26.1,28.8,26.1,0.7,7.6,1006
16,87,24.4,26,24,4.7,1.2,1005
17,87,25.5,25.5,24.5,0,2.4,1004.7
18,86,25.5,25.5,25.2,0,2.1,1005
19,87,25.4,25.5,25.4,0,0.3,1005.4
20,87,25.6,25.6,25.4,0,0.5,1005.8
21,83,26.2,26.2,25.5,0,3.2,1006.1
22,86,25.8,26.2,25.8,0,0.5,1006.1
23,88,25.6,25.8,25.6,0,1.6,1005.8
0,89,25.7,25.8,25.6,0,0.4,1005.4
1,90,25.4,25.7,25.4,0,0.4,1005
2,90,25.5,25.5,25.4,0,0.8,1005
3,90,25.5,25.5,25.4,0,0,1004.7
4,91,25.5,25.6,25.5,0,1,1004.7
5,91,25.4,25.5,25.4,0,1.1,1004.7
6,91,25.6,25.6,25.3,0,1.3,1005
7,91,26.4,26.4,25.6,0,1.4,1005.3
8,84,27.7,27.7,26.4,0,1.5,1005.6
9,81,28.5,28.5,27.7,0,1.9,1005.8
10,73,30.6,30.6,28.5,0,2.9,1006
11,64,32.8,32.9,30.6,0,2.2,1005.7
12,62,33.9,33.9,32.8,0,1.7,1004.9
13,58,35.2,35.2,34,0,1.8,1004.6
14,55,35.1,35.5,35,0,1.9,1004.3
15,44,35.6,36.5,35.1,0,3.4,1004
16,55,35.1,36.4,35.1,0,2.9,1003.6
17,62,32.5,35.2,32.5,0,2.3,1003.5
18,66,32.5,32.5,32.2,0,1,1003.2
19,72,31.1,32.4,31.1,0,1.8,1003.6
20,71,30.3,31,30.2,0,2,1004.2
21,72,30.1,30.6,30.1,0,2.3,1004.8
22,72,29.7,30.1,29.6,0,2.8,1004.6
23,71,29.6,29.7,29.6,0,2.9,1004.3
0,73,29.1,29.6,29,0,2.6,1003.9
1,73,28.9,29.5,28.9,0,2.5,1003.5
2,78,28.2,28.9,28.1,0,1.2,1003.3
3,81,27.9,28.6,27.9,0,0.3,1003.3
4,84,27.3,27.9,27.3,0,1.5,1003.1
5,85,27,27.3,26.9,0,0.5,1003.8
6,86,27,27.1,26.9,0,1.1,1004.4
7,83,28.3,28.3,27,0,2.2,1004.5
8,73,30.1,30.1,28.3,0,2.1,1004.5
9,61,33.1,33.1,30.1,0,0.8,1004.8
10,55,34.3,34.4,33.2,0,3,1004.4
11,52,35.2,35.2,34.3,0,3,1003.9
12,46,36.1,36.2,35.2,0,3.1,1003.4
13,43,36.6,36.7,35.7,0,3.5,1003
14,43,36.7,37,36.2,0,3.8,1002.7
15,48,35.8,36.8,35.8,0,2.4,1002.2
16,48,35.8,36.6,35.8,0,2.2,1001.9
17,47,34.7,35.8,34.7,0,2,1002
18,57,33.5,34.7,33.5,0,1.5,1002.4
19,60,32.8,33.6,32.8,0,0.5,1002.5
20,68,31.2,32.7,31.1,0,2,1002.8
21,76,30.3,31.2,30.2,0,1.5,1003.4
22,70,30.3,30.3,29.5,0,2,1003.6
23,74,29.7,30.4,29.6,0,0.9,1003.9
0,73,29.9,29.9,29.3,0,2.1,1003.9
1,79,29.3,30.4,29.3,0,0.7,1003.7
2,85,28.4,29.3,28.4,0,0.9,1003.8
3,84,28,28.4,28,0,0.9,1003.9
4,87,27.5,28,27.5,0,2,1003.8
5,87,27.3,27.5,27.3,0,1.6,1003.8
6,86,27.3,27.3,27.2,0,0.5,1004.3
7,85,28.3,28.3,27.3,0,0,1004.9
8,78,29,29,28.3,0,1.3,1005.1
9,76,29.8,29.8,29,0,0.7,1005.7
10,69,31.1,31.1,29.8,0,0.8,1006
11,64,32.1,32.1,31,0,1.6,1005.8
12,55,33.6,33.6,32.1,0,0.4,1005
13,69,32.2,33.9,31.7,0,1.6,1004.9
14,70,32.5,32.5,32.2,0,1.9,1004.7
15,72,32.4,33,32.4,0,2.4,1004.6
16,68,33.3,33.3,32.3,0,2.4,1003.9
17,70,32.8,33.3,32.8,0,3.1,1004.1
18,74,32,32.9,32,0,2.7,1004.5
19,78,31,32,31,0,2.7,1005.2
20,81,30.1,31,30.1,0,1.8,1005.1
21,84,29.7,30.1,29.7,0,0.4,1005.4
22,86,29.4,29.7,29.4,0,1.4,1005.5
23,87,29.2,29.4,29.1,0,3,1005.4
0,82,29.3,29.3,29.1,0,1.3,1006
1,82,29.5,29.5,29.2,0,1,1005.9
2,86,28.7,29.5,28.7,0,1.9,1005.7
3,88,28.4,28.7,28.4,0,1.2,1005.7
4,87,28.1,28.4,28.1,0,1.1,1005.4
5,86,28.1,28.2,28,0,0.4,1005.4
6,87,28.2,28.2,28,0,1.2,1006
7,87,28.6,28.6,28.2,0,1,1007
8,85,29.3,29.3,28.6,0,1.5,1007.3
9,71,31.9,31.9,29.3,0,0.3,1007.8
10,67,32.7,32.7,31.9,0,1.3,1007.9
11,61,34.2,34.2,32.8,0,1.8,1007.7
12,52,35.1,35.1,34.3,0,2,1007.3
13,52,35.4,35.4,34.9,0,2.1,1007.2
14,49,35.6,35.7,35.4,0,1.2,1007.1
15,49,35.8,36.7,35.6,0,0.6,1006.6
16,61,34.1,35.8,34.1,0,1.4,1006.6
17,75,32.4,34.2,32.4,0,2.1,1006.1
18,74,32.2,32.6,32.2,0,3.2,1005.7
19,80,31.1,32.1,31.1,0,3.5,1006.8
20,80,30.3,31.1,30.3,0,3.1,1007.5
21,82,29.8,30.3,29.8,0,1.4,1008.6
22,81,29.8,29.9,29.8,0,1.8,1008.9
23,83,29.1,29.7,29.1,0,1.8,1008.6
0,85,28.8,29.1,28.8,0,1.8,1008.1
1,84,29,29,28.7,0,2.9,1008.8
2,73,26.6,29.3,26.6,0,3.7,1008.4
3,74,26.8,27,26.6,0,2.2,1009.1
4,86,24.3,26.8,24.3,0.9,3.6,1011
5,87,24.2,24.4,24.2,1,1.3,1010.7
6,89,24.2,24.2,23.9,0.4,2.2,1010.8
7,89,24.1,24.2,24,0.1,1.5,1009.6
8,87,24.9,24.9,24.2,0,3.1,1010.7
9,81,26.8,26.8,25,0,2.1,1010.6
10,72,28.9,28.9,26.8,0.1,1.5,1011.1
11,68,30.8,31,28.8,0,2.1,1010.8
12,69,30.7,30.8,30.5,0,2.6,1010.2
13,59,33.1,33.1,30.8,0,2.2,1009.7
14,58,33.6,33.7,33,0,3.8,1009
15,58,33.2,33.7,33,0,3.3,1008.6
16,59,33.4,33.6,33,0,2.9,1008.3
17,61,33.3,33.6,33.3,0,1.9,1008.2
18,60,32.6,33.3,32.6,0,2.7,1008.2
19,71,30.9,32.6,30.9,0,1.7,1008.6
20,76,29.8,30.8,29.8,0,1.5,1009.1
21,72,30.1,30.5,29.7,0,2.2,1010.1
22,76,29.2,30.1,29.2,0,1.3,1010.3
23,79,28.5,29.2,28.5,0,1.6,1010.1
0,83,27.9,28.4,27.9,0,0.8,1009.7
1,83,27.6,27.8,27.5,0,0.8,1009.4
2,82,27.9,28.1,27.3,0,3.4,1009.7
3,87,27.3,27.9,27.3,0,0.5,1009
4,89,26.5,27.2,26.5,0,1.2,1008.7
5,89,26.3,26.5,26.2,0,1.4,1009.3
6,88,26,26.3,26,0,1.6,1009.8
7,86,27,27,26,0,0.9,1010.1
8,77,28.4,28.4,27,0,1.8,1010.3
9,71,30.1,30.1,28.5,0,2.3,1010.6
10,62,31.4,31.4,30.1,0,3.1,1010.6
11,60,32,32,31.3,0,2.9,1010.3
12,57,32.9,33.3,32,0,3.3,1009.8
13,54,33.8,33.9,32.9,0,2.7,1009.2
14,52,34.5,34.5,33.8,0,2.3,1008.6
15,57,33.7,35,33.6,0,3.8,1008.3
16,60,32.1,33.7,31.7,0,2.3,1008.5
17,77,25.4,32,25.4,1.4,4.7,1009.9
18,86,25.8,25.8,24.1,7.9,2,1009.6
19,80,25.8,25.9,25.5,0,1.1,1009.4
20,83,25.6,25.8,25.3,0,1.2,1009.4
21,79,25.8,25.9,25.6,0,1.6,1010.9
22,77,25.4,25.7,25.4,0,3.1,1011.1
23,71,26.1,26.3,25.3,0,4,1010.8
0,79,24.9,26.2,24.9,0,3.4,1010.1
1,77,24.9,24.9,24.6,0,3.1,1009.8
2,82,24.5,24.9,24.5,0,1,1010.3
3,84,24.1,24.5,24.1,0,1.8,1009.8
4,83,23.9,24.2,23.9,0,1.5,1010
5,83,24.2,24.2,23.9,0,1.8,1010.3
6,85,24.2,24.3,24,0,1.2,1010.6
7,87,24.4,24.8,24.2,0.5,3.3,1010.8
8,77,24.9,24.9,24.2,0.1,0.7,1011
9,78,26.4,26.4,24.9,0,1.7,1011.1
10,83,26.3,26.6,26.2,0,1.3,1011.2
11,78,27.7,27.7,26.3,0,1.1,1010.6
12,73,28.6,28.6,27.7,0,1.5,1009.8
13,70,28.9,29.5,28.6,0,1.6,1009.1
14,66,30.2,30.2,28.8,0,1.8,1008.3
15,67,30,30.6,29.9,0,3,1007.9
16,67,29.8,29.9,29,0,2.7,1007.6
17,69,29.4,29.9,29.3,0,3.2,1007.9
18,71,28.9,29.4,28.9,0,3.3,1008.3
19,73,28.6,28.9,28.6,0,2.8,1008
20,72,28.5,28.7,28.5,0,3.2,1008.6
21,75,27.2,28.5,27.2,0,3.4,1009.5
22,75,25.9,27.2,25.9,0,2.3,1008.5
23,81,25.1,25.9,25.1,0,2.1,1007.5
0,82,24.7,25.1,24.7,0,1.5,1006.9
1,85,24.2,24.7,24.2,0,1.1,1006.8
2,87,24.1,24.2,24,0,1.8,1005.8
3,87,24.1,24.1,24.1,0,1.6,1005.4
4,87,24,24.1,24,0,0.8,1005.2
5,85,23.8,24,23.8,0,2.5,1005
6,86,24.1,24.1,23.8,0,2.6,1005.3
7,86,24.1,24.2,24.1,0,1.9,1005.2
8,82,25,25,24.2,0,0.9,1005.8
9,84,25.6,25.6,25,0.3,0.6,1006.5
10,75,27.8,27.9,25.6,0.1,1.8,1006.4
11,75,27.8,27.9,27.5,0,2.7,1006.1
12,76,28,28.1,27.5,0,2.5,1005.7
13,84,27.1,28,27.1,0.1,2,1005.7
14,87,25.9,27.1,25.9,1.4,3,1005.5
15,81,26.6,26.7,25.9,0,2.7,1005.9
16,87,25.4,26.6,25.4,1.8,3.3,1005.7
17,86,24.7,25.4,24.7,0.7,4.9,1005.9
18,88,23.7,24.6,23.7,0.5,2.9,1006.6
19,88,23.6,23.7,23.5,0.5,3.5,1006.8
20,88,23.6,23.7,23.6,0,3.8,1008
21,87,23.5,23.6,23.4,0,2.3,1008.5
22,87,23.5,23.5,23.4,0,2.4,1008.2
23,86,23.4,23.5,23.4,0,2.8,1008.3
0,85,23.4,23.4,23.3,0,3,1007.7
1,85,23.4,23.4,23.3,0,2.8,1007.7
2,86,23.2,23.4,23.2,0,3.4,1007.8
3,87,23.3,23.3,23.2,0,3,1007.6
4,86,23.2,23.3,23.2,0,2.9,1007.4
5,87,23.2,23.3,23.2,0,3.5,1007.6
6,88,23,23.2,23,0.1,3.6,1008
7,87,23.3,23.3,23,0,2.3,1008.6
8,89,23.1,23.3,23.1,1.2,2,1008.7
9,89,23.1,23.3,23.1,0.4,1.4,1009
10,89,23.7,23.7,23.1,0,0.4,1009
11,79,25,25,23.7,0,3.2,1008.6
12,76,25.8,25.8,25,0,2.6,1008.2
13,77,24.9,26,24.9,0,3.3,1008.2
14,78,25.4,25.4,24.8,0,1.8,1008
15,76,25.7,25.7,25.3,0,1.5,1007.7
16,75,25.9,26,25.7,0,1.5,1007.6
17,77,25.6,26,25.6,0,2,1007.5
18,79,24.9,25.7,24.9,0,2.8,1007.8
19,82,24.7,24.9,24.6,0,0.4,1008.3
20,71,25.4,25.5,24.6,0,3.8,1008.6
21,70,25.2,25.5,25.2,0,3.5,1009
22,70,24.7,25.2,24.7,0,3.6,1008.8
23,75,24.1,24.7,24,0,3,1008.6
0,84,22.9,24.1,22.8,2.3,1.4,1008.5
1,84,23,23,22.9,0.1,2.1,1008.4
2,86,20.7,23,20.7,1.4,4.3,1008.7
3,77,21.1,21.1,20.5,0.2,2.6,1008.3
4,75,22.1,22.2,21.2,0,2.9,1008.1
5,77,22.4,22.4,22,0,3.1,1008.2
6,87,20.5,22.5,20.5,7.3,2.9,1008.8
7,90,20.7,20.7,20.2,2,0.7,1009.1
8,90,21.4,21.5,20.7,0.6,2.8,1009.3
9,90,21.7,21.8,21.4,1.3,2.8,1009.8
10,88,21.5,21.7,21.3,0.9,2.4,1010.1
11,88,21.9,21.9,21.5,2.9,4.3,1009.6
12,87,22.4,22.4,21.9,0,3.3,1009.3
13,86,22.3,22.5,22.3,0,3.4,1009
14,89,22.2,22.3,22.1,0.3,2.9,1008.7
15,89,22.5,22.5,22.1,0.1,3.2,1008.6
16,90,22.5,22.5,22.4,1,2.6,1008.8
17,90,22.7,22.7,22.5,1.3,1.6,1008.6
18,90,22.8,22.8,22.7,2.2,2,1008.8
19,90,22.7,22.8,22.7,0.9,1.8,1009.2
20,90,22.8,22.8,22.6,0.7,2.2,1009.6
21,91,22.1,22.8,22.1,3.9,3.9,1010
22,91,21.6,22.1,21.6,2.8,2.5,1010.1
23,91,21.9,21.9,21.6,2.4,2.7,1009.9
0,91,22.3,22.3,21.9,0.2,2.4,1009.6
1,91,22.4,22.4,22.3,1.4,1.3,1009.4
2,91,22.3,22.5,22.3,1.3,1.8,1009.3
3,91,22.4,22.4,22.3,3.4,2,1008.9
4,92,22.6,22.6,22.4,4.9,2.2,1008.7
5,92,22.7,22.7,22.5,3.8,1.5,1008.8
6,91,22.7,22.8,22.7,2.4,2.5,1009.2
7,91,22.8,22.8,22.7,0.2,2.2,1009.6
8,91,22.9,22.9,22.8,0,2.4,1010.1
9,91,22.9,22.9,22.8,0.2,3.4,1010
10,89,23.3,23.3,22.9,0,2.7,1010.1
11,88,23.6,23.6,23.3,0,2.6,1010.2
12,90,23.6,23.7,23.5,0,1.9,1009.7
13,90,23.9,24,23.6,1.2,1.2,1009.4
14,91,23.7,23.9,23.6,1.1,2.3,1008.7
15,91,24.3,24.3,23.7,0.2,2.2,1008.6
16,91,23.9,24.3,23.9,0,1.2,1008.8
17,91,24.2,24.2,23.8,0.9,1.9,1008.7
18,91,24.2,24.3,24.2,0.2,2.2,1008.9
19,90,23.8,24.2,23.8,0.1,2.8,1009.2
20,91,23.8,23.8,23.7,0,1.6,1010.1
21,90,24,24,23.8,0.1,2.1,1010.5
22,90,23.9,24,23.9,0.4,1.8,1010.4
23,90,23.9,23.9,23.8,0,2.5,1010.4
0,90,23.9,23.9,23.8,0,1.5,1010.3
1,90,23.9,23.9,23.9,0,2.9,1010.2
2,90,23.9,23.9,23.9,0,3,1009.8
3,90,23.9,23.9,23.9,0,1,1009.6
4,90,23.9,23.9,23.8,0,2.5,1009.4
5,90,24,24,23.9,0,1.9,1009.5
6,90,24,24,24,0,1.7,1009.9
7,90,24.3,24.3,24,0,1.7,1010.1
8,88,24.6,24.6,24.3,0,2.5,1010.2
9,88,24.7,24.7,24.6,0,3,1010.6
10,86,25.2,25.2,24.7,0,3,1011.1
11,84,25.9,25.9,25.2,0,2.5,1011.1
12,78,26.9,26.9,25.9,0.2,3.5,1010.8
13,76,27.2,27.2,26.9,0,2.4,1010.1
14,72,27.9,27.9,27.1,0,2.2,1009.6
15,73,28.2,28.2,27.9,0,1.5,1008.8
16,70,28.3,28.4,28.1,0,1.7,1008.6
17,74,27.4,28.3,27.4,0,1.3,1008.6
18,76,27.2,27.4,27.2,0,1.9,1008.8
19,82,26.4,27.2,26.4,0,2,1009.1
20,83,26.2,26.4,26.2,0,1.8,1009.6
21,85,25.8,26.1,25.8,0,1.7,1010.2
22,87,25.5,25.8,25.5,0,1.7,1009.8
23,86,25.3,25.5,25.3,0,2.5,1009.7
0,87,24.9,25.3,24.9,0,1.9,1009.4
1,89,24.5,24.9,24.5,0,1.9,1009
2,89,24.3,24.5,24.3,0,2.1,1008.6
3,89,24.4,24.4,24.3,0,0.8,1008.4
4,89,24.5,24.5,24.4,0,1.2,1008.5
5,89,24.5,24.5,24.5,0,1.8,1008.7
6,90,24.4,24.5,24.4,0,0.8,1008.7
7,90,24.9,24.9,24.4,0,0,1009
8,85,25.6,25.7,24.9,0,1.8,1009
9,79,27.5,27.6,25.7,0,2.6,1009.4
10,77,28.5,28.5,27.5,0,2.8,1009.6
11,71,28.9,29.1,28.4,0,2.6,1009.1
12,65,30.6,30.6,28.8,0,2.4,1008.2
13,65,30.4,31.1,30.2,0,3.4,1007.7
14,60,31.4,31.4,30.5,0,3,1007.1
15,59,31.6,31.7,31.3,0,3.5,1006.9
16,73,29.5,31.8,29.2,0,4.8,1006.6
17,76,29.2,29.7,29.2,0,4.7,1006.8
18,81,27.8,29.2,27.8,0,1.9,1007.3
19,83,27.1,27.8,27.1,0,1.3,1007.5
20,86,27,27.1,26.9,0,2.5,1008
21,84,26.9,27,26.9,0,4.2,1008.6
22,84,26.7,26.9,26.6,0,2.2,1008.8
23,84,26.4,26.7,26.4,0,0.2,1009.1
0,86,26.3,26.4,26.3,0,0.4,1008.8
1,87,25.8,26.3,25.8,0,0,1008.2
2,88,25.7,25.8,25.7,0,0,1008.2
3,89,25.7,25.7,25.6,0,0,1007.9
4,89,25.9,25.9,25.7,0,0,1007.6
5,89,25.8,25.9,25.8,0,0,1007.9
6,90,25.6,25.8,25.5,0,1,1007.9
7,90,26.4,26.4,25.6,0,2.4,1008.5
8,88,26.9,26.9,26.4,0,2.2,1009
9,81,28.1,28.2,26.9,0,2.9,1009.4
10,77,28.5,28.6,28,0,2.9,1009.4
11,77,29,29,28.5,0,3,1009.1
12,73,29.4,29.4,29,0,3.1,1008.8
13,75,29.2,29.6,29.2,0,2.4,1008.2
14,82,28.7,29.2,28.7,0.3,2,1007.1
15,77,29.8,29.8,28.7,0,3.5,1007.2
16,74,29.9,29.9,29.5,0,3.3,1006.9
17,75,29.1,29.9,29.1,0,3.4,1006.9
18,77,28.5,29.1,28.5,0,3.9,1006.9
19,80,27.9,28.5,27.9,0,2.8,1007.3
20,87,26.9,27.9,26.9,0.4,2,1007.9
21,87,26.7,26.9,26.7,0.3,2.9,1008.6
22,87,26.6,26.7,26.6,0,2.9,1008.5
23,87,26.4,26.6,26.4,0,2.2,1008.6
0,88,26.1,26.4,26.1,0,2,1008.3
1,88,25.7,26.1,25.7,0,2.6,1007.9
2,88,25.6,25.7,25.6,0,2.1,1007.6
3,89,25.4,25.6,25.4,0,2.7,1007.4
4,90,25.1,25.4,25.1,0,1.7,1007.4
5,90,25,25.1,24.9,0,1.2,1007.9
6,90,25.1,25.1,24.9,0,1.4,1008.2
7,87,26.1,26.1,25.1,0,0.9,1008.5
8,80,27.6,27.6,26.2,0,2.8,1008.3
9,76,28.3,28.7,27.4,0,2.3,1008.5
10,72,28.9,28.9,27.9,0,2.7,1008.7
11,69,29.4,29.4,28.9,0,3.6,1008.6
12,65,30.5,30.5,29.4,0,3.2,1007.9
13,60,31.4,31.7,30.4,0,2.6,1007.3
14,59,30.8,31.4,30.8,0,2.2,1006.9
15,67,30.2,30.8,30.2,0,1.9,1006.4
16,64,30.4,30.6,30.2,0,1.8,1006.2
17,65,29.7,30.4,29.7,0,3.1,1006.4
18,85,26.9,29.7,26.8,0,1.5,1006.8
19,82,27.3,27.4,26.9,0,3.1,1006.9
20,84,26.8,27.3,26.8,0.1,2.6,1007.3
21,85,26.7,26.8,26.7,0,3.3,1007.9
22,88,26.4,26.8,26.4,0.1,2.4,1008
23,89,26.3,26.4,26.3,0.9,1.3,1008
0,90,26.2,26.4,26.2,0.1,1.9,1007.4
1,88,26,26.3,26,0,2.1,1007.1
2,88,26,26,26,0.2,1.8,1006.6
3,89,25.8,26,25.8,0.4,1.8,1006.3
4,90,25.9,25.9,25.8,1.1,2.3,1006
5,91,26,26,25.9,0.8,2.6,1005.9
6,90,26,26,25.9,1.4,4,1005.9
7,90,25.9,26,25.9,1.8,3.4,1006.1
8,90,26.1,26.1,25.9,0.6,3.2,1006.1
9,87,26.7,26.7,26.1,0,4.5,1006.2
10,84,27.5,27.5,26.7,0,4.1,1006.2
11,81,28.2,28.2,27.5,0.1,4.7,1005.7
12,80,28.3,28.5,28.1,0,4,1005.2
13,82,28,28.8,28,0.1,4.2,1004.8
14,86,27.1,28,27.1,1.2,3,1004.2
15,88,26.8,27.6,26.7,8.8,3.4,1003.7
16,86,27.2,27.2,26.8,0.7,2.7,1003.9
17,86,27,27.3,26.9,2.8,2.6,1004
18,82,27.3,27.3,27,0,3,1004.5
19,85,26.9,27.2,26.9,0.7,3.1,1004.9
20,85,26.9,26.9,26.8,0,2.6,1005.4
21,83,27,27,26.9,0,3.2,1005.7
22,83,26.8,27,26.8,0,2.9,1005.9
23,84,26.7,26.8,26.6,0,2.8,1005.5
0,84,26.7,26.7,26.6,0,3.4,1005.2
1,86,26.6,26.7,26.6,0,2.9,1004.8
2,85,26.5,26.6,26.4,0,3.1,1004.7
3,85,26.3,26.5,26.3,0,3.6,1004.3
4,84,26.3,26.4,26.3,0,3.9,1004.3
5,85,26.1,26.4,26.1,0,4.2,1004.5
6,86,25.9,26,25.9,0,4.3,1004.7
7,84,26.3,26.3,25.9,0,3.8,1005
8,79,27.2,27.2,26.2,0,4.6,1005.2
9,74,28,28.1,27,0,4.5,1005.4
10,74,28.3,28.7,27.8,0,3.9,1005.7
11,71,28.9,28.9,28.3,0,5.4,1005.4
12,67,29.6,29.6,28.8,0,5.3,1004.7
13,63,30,30.4,29.4,0,5.1,1004.2
14,60,30.4,30.8,30,0,5,1003.6
15,58,30.5,30.8,30.1,0,5.2,1003.2
16,53,31.2,31.2,30.6,0,4.4,1003
17,59,30.5,31.1,30.4,0,3.3,1003.2
18,64,29.3,30.4,29.3,0,3.3,1003.3
19,68,28.5,29.3,28.5,0,2.5,1003.9
20,76,27.3,28.5,27.3,0,2.6,1005
21,80,26.7,27.3,26.7,0,2.3,1005.4
22,76,26.5,26.8,26.5,0,2.9,1005.4
23,78,25.8,26.5,25.8,0,3.2,1005.4
